MLBAM_ID,Player,AGE,POS,TEAM,PROJ,G,AB,R,H,TB,1B,2B,3B,HR,RBI,BB,SO,SB,CS,AVG,OBP,SLG,OPS,HBP,SF
110029,Bobby Abreu,38,OF,LAA,11,128,433,60,111,168,76,24,1,10,49,65,95,17,5,.256,.352,.388,.740,1,3
554429,Dustin Ackley,24,2B,SEA,11,128,522,73,139,212,95,26,8,10,58,66,103,10,3,.267,.349,.406,.756,2,4
502031,Ryan Adams,25,2B,BAL,10,73,210,22,56,77,41,12,0,3,20,14,54,1,1,.265,.317,.364,.681,3,1
425769,Eliezer Alfonzo,33,C,COL,8,41,144,15,34,57,22,6,0,5,19,5,41,1,0,.236,.280,.394,.674,4,0
450315,Brandon Allen,26,1B,OAK,11,111,393,53,89,157,52,20,3,14,52,49,127,6,2,.226,.315,.398,.713,3,3
475174,Yonder Alonso,25,OF,SD,10,107,436,51,120,187,82,23,2,14,57,43,89,4,2,.277,.342,.430,.772,1,2
514888,Jose Altuve,22,2B,HOU,11,126,514,60,145,196,111,24,4,6,48,19,68,20,11,.282,.311,.381,.691,3,2
476883,Pedro Alvarez,25,3B,PIT,10,111,410,47,94,158,59,19,2,14,52,43,128,2,1,.228,.303,.386,.690,2,2
506560,Alexi Amarista,23,2B,LAA,8,79,218,23,52,74,37,11,3,2,18,11,35,6,4,.240,.283,.339,.622,2,1
457762,Bryan Anderson,25,C,STL,7,74,156,17,38,56,27,8,0,3,16,13,40,1,0,.241,.308,.356,.663,2,1
502249,Lars Anderson,24,1B,BOS,8,71,211,24,50,78,32,13,1,5,24,25,56,1,1,.236,.322,.371,.693,2,1
435180,Robert Andino,28,2B3BSS,BAL,11,101,315,40,80,110,60,15,1,4,29,24,65,8,3,.254,.310,.348,.658,2,2
462101,Elvis Andrus,23,SS,TEX,10,151,574,87,158,203,125,24,4,5,46,59,82,37,12,.275,.347,.354,.702,5,1
518408,Matt Angle,26,OF,BAL,11,79,212,27,50,65,41,7,1,2,15,21,41,14,2,.237,.310,.305,.615,2,1
150449,Rick Ankiel,32,OF,WAS,11,104,321,38,75,119,49,16,1,9,37,25,84,6,2,.233,.293,.370,.663,2,1
493114,Norichika Aoki,30,OF,MIL,6,115,404,51,111,146,88,16,4,4,34,33,46,8,5,.276,.341,.362,.703,7,
571448,Nolan Arenado,21,3B,COL,6,97,316,35,85,134,56,17,1,10,41,17,42,1,1,.268,.307,.425,.732,1,
450317,J.P. Arencibia,26,C,TOR,11,125,448,51,102,199,54,24,3,22,73,34,123,1,1,.229,.287,.444,.731,4,3
488671,Alex Avila,25,C,DET,11,136,450,61,120,204,72,29,2,17,67,68,122,3,2,.267,.363,.454,.817,3,5
449107,Mike Aviles,31,2B3B,BOS,11,99,339,41,91,137,63,17,3,8,39,15,49,11,4,.269,.300,.404,.705,2,3
430947,Erick Aybar,28,SS,LAA,11,146,562,74,155,222,112,29,7,8,57,34,74,24,7,.277,.323,.395,.718,6,3
425557,Jeff Baker,31,1B,CHC,11,80,217,27,57,86,38,13,2,4,24,15,55,1,0,.263,.313,.396,.709,1,1
434633,John Baker,31,C,SD,10,45,186,24,47,67,33,10,0,3,19,21,44,0,0,.249,.330,.361,.691,2,1
150148,Rod Barajas,36,C,PIT,10,91,308,34,71,129,43,14,0,15,46,19,62,0,0,.231,.281,.419,.701,4,3
408036,Josh Bard,34,C,LAD,8,52,195,17,44,64,30,11,0,3,18,15,43,0,0,.224,.279,.329,.608,0,2
425549,Clint Barmes,33,SS,PIT,10,120,439,49,105,166,68,25,1,11,51,34,84,5,3,.240,.301,.378,.679,6,3
446381,Darwin Barney,26,2B,CHC,11,140,505,59,137,176,107,23,5,2,39,23,68,8,2,.271,.308,.348,.656,5,4
430583,Jason Bartlett,32,SS,SD,10,134,507,66,133,178,101,24,4,5,43,47,90,19,8,.263,.328,.352,.680,5,5
435558,Daric Barton,26,1B,OAK,11,105,347,48,87,126,60,20,2,5,34,57,64,3,2,.250,.357,.364,.720,2,2
430832,Jose Bautista,31,3BOF,TOR,11,145,511,98,142,291,73,26,3,40,113,103,111,8,3,.277,.402,.570,.973,6,4
488689,Mike Baxter,27,OF,NYM,7,62,163,20,40,61,27,8,2,3,17,15,35,3,2,.247,.317,.378,.694,3,1
424726,Jason Bay,33,OF,NYM,11,116,438,64,110,182,71,20,3,16,59,59,116,10,1,.250,.342,.416,.758,4,4
493596,Gordon Beckham,25,2B,CWS,11,141,486,62,121,186,81,27,1,12,56,40,100,5,4,.250,.317,.382,.700,10,4
542921,Tim Beckham,22,SS,TB,4,79,284,31,68,93,51,12,2,3,24,19,69,6,2,.239,.292,.328,.620,3,0
458679,Josh Bell,25,3B,BAL,10,93,236,27,52,83,36,9,1,7,26,15,74,1,1,.222,.268,.350,.618,0,1
474832,Brandon Belt,24,1BOF,SF,11,119,415,55,106,183,66,19,3,17,61,54,108,8,5,.254,.343,.441,.784,3,2
136860,Carlos Beltran,35,OF,STL,11,108,427,65,122,208,74,28,4,17,68,59,72,6,2,.286,.373,.488,.861,2,3
134181,Adrian Beltre,33,3B,TEX,11,128,508,74,148,261,88,33,1,26,90,30,70,3,1,.292,.335,.513,.848,5,7
501994,Joe Benson,24,OF,MIN,9,76,214,26,50,85,29,13,2,6,27,19,66,6,4,.236,.313,.399,.712,5,1
204020,Lance Berkman,36,1BOF,STL,11,128,444,76,124,218,76,23,1,23,75,84,90,4,4,.278,.393,.490,.883,2,3
465668,Roger Bernadina,28,OF,WAS,11,102,298,38,74,112,52,13,2,7,32,24,66,15,4,.246,.309,.375,.684,4,2
435358,Yuniesky Betancourt,30,SS,KC,11,98,280,27,72,107,50,14,2,6,30,10,30,2,2,.256,.280,.382,.662,1,5
400140,Wilson Betemit,30,3B,BAL,11,90,318,38,83,135,52,20,2,9,42,31,92,2,1,.261,.325,.425,.750,1,4
444448,Brian Bixler,29,OF,HOU,6,63,188,24,44,62,32,8,2,2,16,18,65,6,3,.234,.313,.327,.640,4,0
453568,Charlie Blackmon,26,OF,COL,10,75,251,28,66,90,51,9,2,4,23,15,33,10,4,.262,.312,.359,.670,4,0
232694,Casey Blake,38,3B,COL,11,89,307,42,77,123,51,16,2,9,38,35,79,1,2,.251,.333,.402,.734,4,4
433217,Andres Blanco,28,SS,WAS,7,61,168,17,42,56,31,9,1,1,14,10,23,1,2,.248,.298,.332,.630,3,1
111072,Henry Blanco,40,C,ARI,11,39,131,13,30,49,20,5,0,5,16,13,29,0,0,.229,.298,.376,.675,0,1
452035,Kyle Blanks,25,OF,SD,10,59,227,30,53,94,31,12,1,9,32,24,71,2,1,.232,.317,.416,.733,4,1
217100,Willie Bloomquist,34,SSOF,ARI,11,85,275,33,73,95,59,8,2,3,22,16,41,14,6,.265,.309,.345,.654,2,1
150398,Geoff Blum,39,3B,ARI,9,62,175,19,44,64,31,8,1,4,18,13,28,0,0,.249,.310,.366,.676,3,1
453269,Brennan Boesch,27,OF,DET,11,127,475,66,127,211,81,27,2,17,68,38,100,7,3,.268,.327,.443,.770,5,4
460267,Brandon Boggs,29,OF,PIT,6,30,108,16,23,40,13,6,1,3,13,17,40,2,1,.215,.336,.374,.711,3,0
460131,Brian Bogusevic,28,OF,HOU,11,99,277,36,70,105,46,18,2,5,30,27,71,10,3,.251,.323,.379,.702,3,1
466988,Emilio Bonifacio,27,3BSSOFF,MIA,11,137,489,68,134,176,104,20,6,3,40,47,108,31,8,.274,.337,.359,.696,1,4
474865,Julio Borbon,26,OF,TEX,11,78,235,30,64,84,52,7,3,2,19,13,34,13,4,.271,.318,.356,.674,3,1
430652,Jason Bourgeois,30,OF,HOU,11,104,275,34,75,95,60,10,3,2,21,16,34,25,6,.271,.314,.346,.660,1,0
488721,Peter Bourjos,25,OF,LAA,11,143,515,69,135,222,87,24,11,13,64,32,116,26,9,.263,.315,.430,.745,8,3
456422,Michael Bourn,29,OF,ATL,11,151,601,88,167,220,127,29,8,2,49,55,128,54,12,.277,.339,.366,.705,3,3
435624,John Bowker,28,1BOF,FA,6,80,165,21,39,66,24,9,1,5,21,14,40,1,1,.239,.299,.402,.702,1,1
150396,Milton Bradley,34,OF,FA,6,53,177,25,41,67,26,8,1,6,21,25,51,4,1,.229,.335,.379,.714,4,1
488726,Michael Brantley,25,OF,CLE,11,132,506,68,136,189,101,24,4,7,48,42,74,18,6,.269,.325,.373,.698,2,5
137140,Russell Branyan,36,1B,NYY,8,70,205,27,46,91,25,10,0,12,35,26,70,1,0,.226,.319,.444,.764,3,2
460075,Ryan Braun,28,OF,MIL,11,125,487,82,151,263,91,32,4,24,88,43,85,18,4,.310,.372,.540,.912,7,3
458582,Reid Brignac,26,SS,TB,11,91,234,24,55,76,41,9,1,3,20,13,57,3,2,.234,.279,.326,.605,2,1
518500,Andrew Brown,27,OF,COL,7,60,167,22,40,68,26,7,1,6,22,16,53,1,1,.239,.316,.406,.721,3,0
446395,Corey Brown,26,OF,WAS,6,67,184,23,40,69,24,8,2,6,22,18,66,3,2,.215,.298,.372,.670,4,
502126,Domonic Brown,24,OF,PHI,10,95,259,37,67,109,43,13,2,8,34,28,61,8,4,.258,.332,.422,.754,2,2
451259,Dusty Brown,30,C,TEX,8,43,135,15,30,49,19,8,0,3,15,14,39,1,0,.222,.297,.359,.656,1,1
457803,Jay Bruce,25,OF,CIN,11,152,549,82,143,266,84,26,3,30,95,65,141,7,5,.261,.341,.485,.826,3,3
407833,John Buck,31,C,MIA,11,124,412,46,100,171,64,19,1,16,57,37,110,0,1,.244,.312,.415,.727,5,3
459941,Travis Buck,28,OF,HOU,8,51,155,19,36,56,23,9,1,3,17,13,37,2,1,.231,.301,.359,.660,3,2
502034,Emmanuel Burriss,27,2B,SF,11,68,176,19,42,49,36,5,1,0,10,11,25,11,4,.238,.295,.279,.573,3,1
460077,Drew Butera,28,C,MIN,10,78,178,14,36,51,26,8,1,2,13,8,31,0,0,.203,.246,.285,.532,3,1
456714,Billy Butler,26,DH,KC,11,155,589,80,175,274,112,44,0,18,85,64,89,1,1,.296,.365,.465,.830,3,7
407781,Marlon Byrd,34,OF,CHC,11,127,491,62,137,203,95,29,2,11,58,28,85,5,2,.279,.330,.414,.744,10,3
452678,Asdrubal Cabrera,26,SS,CLE,11,144,582,80,161,247,109,34,3,16,73,45,107,15,5,.276,.334,.425,.758,7,4
465784,Everth Cabrera,25,SS,SD,9,50,187,23,44,59,34,7,2,1,13,18,41,12,5,.234,.307,.313,.620,2,1
466320,Melky Cabrera,27,OF,SF,11,154,573,77,162,243,110,35,4,13,69,41,82,14,5,.283,.331,.425,.756,2,5
408234,Miguel Cabrera,29,1B,DET,11,153,570,107,185,326,109,42,1,33,114,89,97,3,2,.324,.415,.573,.988,3,5
111851,Orlando Cabrera,37,2BSS,FA,9,106,415,44,106,138,82,19,1,4,34,20,49,8,3,.255,.289,.334,.623,2,6
456715,Lorenzo Cain,26,OF,KC,11,104,452,60,125,175,92,22,4,7,45,33,95,16,6,.276,.332,.388,.720,5,2
111867,Miguel Cairo,38,3B,CIN,11,83,191,24,51,74,38,8,1,4,21,14,30,3,2,.266,.327,.386,.713,5,2
430948,Alberto Callaspo,29,3B,LAA,11,139,461,56,130,177,98,23,2,7,45,40,42,5,2,.283,.339,.385,.724,1,3
111904,Mike Cameron,39,OF,WAS,9,56,210,26,49,82,30,10,1,7,27,24,55,2,1,.231,.313,.390,.703,2,1
542999,Tony Campana,26,OF,CHC,11,121,256,33,66,79,57,7,1,1,16,14,52,26,6,.259,.304,.310,.614,2,1
429664,Robinson Cano,29,2B,NYY,11,155,617,96,188,320,114,43,5,26,104,41,82,6,3,.305,.353,.518,.871,8,6
408305,Jorge Cantu,30,1B,LAA,6,97,252,27,65,98,45,14,0,6,29,15,43,1,0,.258,.303,.390,.692,3,4
444453,Russ Canzler,26,OF,CLE,9,61,199,27,51,85,32,12,1,7,27,19,55,2,1,.257,.328,.427,.754,2,1
455077,Mike Carp,26,1BOF,SEA,11,116,446,55,117,196,75,23,1,18,65,38,109,2,2,.262,.324,.439,.763,5,4
572761,Matt Carpenter,26,3B,STL,7,65,194,24,47,70,32,11,1,3,20,27,42,2,1,.244,.345,.362,.707,4,1
485567,Ezequiel Carrera,25,OF,CLE,10,91,230,27,58,72,47,7,3,1,15,18,40,12,4,.250,.312,.314,.626,2,0
448276,Brett Carroll,29,OF,WAS,8,62,168,22,38,61,24,8,1,5,19,13,45,3,1,.225,.297,.367,.664,5,1
425206,Jamey Carroll,38,2BSS,MIN,11,124,406,53,113,136,94,14,4,0,26,49,67,9,2,.278,.356,.334,.691,2,3
452080,Chris Carter,29,DH,FA,8,64,171,21,37,62,25,6,0,6,20,15,52,1,1,.218,.284,.361,.645,1,2
458210,Alexi Casilla,27,2BSS,MIN,11,105,358,52,93,129,67,19,5,3,31,30,50,15,4,.260,.320,.359,.679,3,3
456078,Welington Castillo,25,C,CHC,9,50,170,18,39,65,25,8,0,6,22,10,44,0,0,.231,.282,.385,.667,2,1
488771,Jason Castro,25,C,HOU,9,75,278,34,66,91,50,12,1,3,23,30,57,1,1,.239,.315,.327,.642,1,1
135783,Ramon Castro,36,C,FA,10,33,110,15,26,49,15,5,0,6,18,11,33,0,0,.239,.307,.449,.757,0,0
516770,Starlin Castro,22,SS,CHC,10,153,625,83,188,268,135,36,8,9,68,36,88,21,10,.301,.341,.429,.770,4,5
430592,Ronny Cedeno,29,SS,NYM,10,82,249,24,60,88,42,13,2,3,24,15,58,4,2,.243,.286,.354,.640,1,2
465041,Francisco Cervelli,26,C,NYY,11,66,164,19,43,57,34,6,1,2,14,14,30,2,1,.261,.329,.348,.677,3,2
518545,Adron Chambers,25,OF,STL,9,75,179,24,45,65,33,7,3,2,16,17,45,6,3,.251,.335,.363,.698,6,0
346795,Endy Chavez,34,OF,BAL,10,74,265,32,74,100,58,10,2,4,25,14,30,10,3,.281,.315,.379,.695,0,3
136767,Eric Chavez,34,3B,FA,10,44,155,17,37,53,27,7,1,2,14,12,37,1,0,.240,.293,.344,.637,0,2
455139,Robinson Chirinos,28,C,TB,9,62,189,18,44,65,31,9,1,4,19,17,43,0,1,.230,.303,.342,.645,3,1
502082,Lonnie Chisenhall,23,3B,CLE,11,124,475,60,120,191,78,27,2,14,59,29,95,2,1,.252,.301,.402,.703,5,4
425783,Shin-Soo Choo,29,OF,CLE,11,131,515,75,144,231,97,26,4,18,71,66,120,18,6,.280,.371,.449,.820,10,4
451629,Justin Christian,32,OF,SF,8,61,192,24,49,68,35,11,1,2,18,13,29,10,2,.252,.311,.354,.665,3,0
465674,Pedro Ciriaco,26,SS,BOS,6,33,60,9,16,23,11,4,1,0,6,3,16,3,2,.268,.306,.384,.690,1,1
502182,Steve Clevenger,26,C,CHC,7,57,168,19,44,63,31,10,1,2,17,13,27,1,1,.261,.318,.372,.689,1,1
458085,Chris Coghlan,27,OF,MIA,10,89,344,46,93,135,63,21,2,5,37,32,62,9,5,.269,.337,.392,.730,5,2
502125,Tyler Colvin,26,OF,COL,11,95,242,29,56,102,31,11,4,9,34,15,65,2,1,.230,.278,.422,.701,1,2
474233,Hank Conger,24,C,LAA,11,85,240,23,57,87,40,11,1,6,26,23,44,0,0,.239,.308,.364,.671,1,1
462405,Brooks Conrad,32,2B,MIL,9,89,150,19,34,60,21,7,1,6,20,15,43,3,1,.230,.305,.402,.707,2,1
468429,Jose Constanza,28,OF,ATL,11,71,203,29,55,68,47,4,3,2,14,15,33,12,5,.269,.321,.336,.657,1,0
476036,David Cooper,25,1B,TOR,10,69,202,23,49,78,30,14,0,5,24,20,36,0,0,.242,.311,.386,.697,1,2
133321,Alex Cora,36,3B,STL,7,70,166,15,39,49,31,6,2,0,10,12,18,3,1,.236,.295,.295,.590,3,1
449786,Carlos Corporan,28,C,HOU,8,55,167,15,35,51,23,8,1,2,14,11,48,0,1,.207,.276,.304,.580,6,2
112736,Craig Counsell,41,2BSS,FA,7,46,155,19,37,49,29,6,1,1,12,18,24,2,1,.239,.328,.318,.646,3,2
502161,Scott Cousins,27,OF,MIA,10,74,172,20,39,61,26,8,2,3,17,13,44,4,2,.228,.284,.357,.641,1,2
518577,Collin Cowgill,26,OF,OAK,11,111,329,39,81,115,60,13,2,6,30,28,73,13,5,.247,.308,.350,.658,2,2
446359,Zack Cozart,26,SS,CIN,11,125,452,61,117,175,84,19,2,12,51,30,88,10,3,.259,.308,.387,.695,3,3
501800,Allen Craig,27,OF,STL,11,106,355,50,100,168,61,23,1,15,56,27,77,4,1,.281,.333,.474,.807,3,4
543063,Brandon Crawford,25,SS,SF,11,97,307,35,69,100,50,12,3,5,26,30,66,3,4,.226,.296,.325,.621,1,1
408307,Carl Crawford,30,OF,BOS,11,133,539,78,151,235,101,27,8,13,67,34,97,31,9,.279,.324,.436,.760,4,5
424825,Coco Crisp,32,OF,OAK,11,107,435,63,118,174,83,21,5,8,47,40,62,38,7,.271,.331,.400,.731,1,5
460067,Trevor Crowe,28,OF,CLE,6,61,212,25,52,71,38,11,2,2,17,16,40,9,3,.245,.301,.335,.636,2,1
443558,Nelson Cruz,32,OF,TEX,11,124,471,67,128,245,70,27,2,29,90,41,111,13,5,.271,.330,.520,.849,2,4
488810,Tony Cruz,25,C,STL,9,72,174,17,42,60,29,10,1,2,16,13,39,0,1,.239,.297,.342,.639,2,1
150212,Michael Cuddyer,33,1BOF,COL,11,139,538,79,151,252,95,31,4,21,81,50,93,8,2,.280,.344,.469,.813,4,3
488811,Aaron Cunningham,26,OF,CLE,11,87,208,25,50,80,30,14,2,4,24,16,47,3,2,.239,.303,.385,.688,3,2
400091,Jack Cust,33,DH,HOU,8,89,293,40,68,113,45,13,0,10,37,54,105,1,1,.233,.356,.386,.742,3,1
113028,Johnny Damon,38,DH,FA,11,126,504,72,130,204,86,27,5,13,60,56,86,13,3,.258,.334,.405,.739,3,3
488818,Chase d'Arnaud,25,SS,PIT,8,59,206,23,46,65,32,10,3,1,16,12,48,10,2,.223,.278,.315,.593,5,1
543083,James Darnell,25,3B,SD,8,42,165,21,41,68,26,9,0,6,22,20,37,2,0,.249,.334,.412,.747,3,2
448801,Chris Davis,26,1B3B,BAL,11,97,396,49,100,172,61,23,1,16,58,28,130,2,1,.253,.303,.434,.738,3,3
477195,Ike Davis,25,1B,NYM,11,109,459,66,123,214,74,28,2,20,72,60,117,2,1,.268,.351,.466,.817,1,4
434658,Rajai Davis,31,OF,TOR,11,107,333,42,89,123,63,19,4,3,30,17,56,31,8,.266,.306,.369,.675,3,2
457477,Alejandro De Aza,28,OF,CWS,11,117,433,64,118,180,79,25,5,9,50,38,92,22,9,.272,.334,.415,.749,4,3
430203,David DeJesus,32,OF,CHC,10,117,449,63,121,184,84,22,5,10,52,43,77,4,4,.270,.342,.411,.753,8,3
456121,Chris Denorfia,31,OF,SD,10,88,255,34,68,101,49,12,2,5,28,22,45,8,4,.268,.328,.395,.723,1,2
136660,Mark DeRosa,37,3B,WAS,10,43,182,23,45,66,33,7,0,5,19,15,38,1,1,.247,.313,.362,.675,3,1
518614,Daniel Descalso,25,3B,STL,11,130,362,43,96,132,68,22,3,3,33,33,62,4,2,.264,.330,.365,.695,4,3
435622,Ian Desmond,26,SS,WAS,11,150,549,64,143,211,100,28,5,10,58,34,121,20,7,.261,.306,.384,.691,4,5
455088,Blake DeWitt,26,OF,CHC,11,119,312,34,80,120,55,15,4,5,33,26,50,2,1,.258,.318,.386,.704,2,2
429841,Matt Diaz,34,OF,ATL,11,95,242,27,64,94,45,13,2,5,26,16,54,5,2,.265,.323,.390,.713,6,1
447736,Chris Dickerson,30,OF,NYY,10,69,148,19,35,50,26,6,1,2,13,16,45,7,2,.237,.317,.339,.656,1,1
501920,Brian Dinkelman,28,2B,MIN,6,72,269,26,65,84,51,12,1,2,20,19,53,4,1,.243,.304,.314,.617,5,0
543108,Andy Dirks,26,OF,DET,11,97,309,41,79,122,54,17,1,8,37,18,55,9,3,.257,.303,.397,.700,3,2
425785,Greg Dobbs,33,3B,MIA,10,111,284,27,71,104,52,13,0,6,30,16,53,1,0,.252,.293,.365,.658,1,2
518625,Matt Dominguez,22,3B,MIA,11,68,189,21,45,72,28,13,1,4,22,15,41,0,0,.240,.306,.380,.686,3,1
453228,Jason Donald,27,2B,CLE,11,76,237,27,62,86,44,13,2,3,22,17,58,5,2,.260,.321,.363,.684,5,1
425491,Ryan Doumit,31,C,MIN,11,102,367,42,97,156,64,20,1,12,49,31,72,1,1,.266,.329,.426,.755,4,1
453303,Matt Downs,28,2B,HOU,11,93,203,28,51,88,28,15,1,7,30,17,46,2,1,.250,.318,.434,.752,3,2
136770,J.D. Drew,36,OF,FA,10,89,281,38,68,114,44,12,2,10,37,41,67,1,2,.242,.341,.407,.748,3,3
452220,Stephen Drew,29,SS,ARI,11,118,454,63,120,192,76,27,8,10,56,44,85,6,3,.264,.331,.423,.754,2,2
446263,Lucas Duda,26,1BOF,NYM,11,127,448,60,121,206,71,30,3,16,68,51,97,1,1,.270,.350,.461,.811,7,5
455167,Shelley Duncan,32,OF,CLE,11,85,258,31,61,109,36,14,0,11,38,26,68,1,0,.237,.312,.421,.733,3,2
276055,Adam Dunn,32,1B,CWS,11,129,435,60,95,186,50,21,1,23,70,76,162,0,1,.217,.338,.426,.764,5,3
470516,Luis Durango,26,OF,ATL,6,69,216,25,53,60,48,4,1,0,11,20,35,11,5,.245,.311,.277,.589,2,1
502481,Jarrod Dyson,27,OF,KC,11,64,178,25,41,54,32,7,2,1,12,16,42,18,4,.232,.298,.305,.603,1,1
454560,A.J. Ellis,31,C,LAD,11,75,227,27,56,74,43,10,1,2,18,36,42,0,1,.246,.354,.327,.681,3,1
407885,Mark Ellis,35,2B,LAD,11,121,443,52,114,159,84,22,1,7,42,29,68,11,5,.257,.309,.358,.667,6,4
453056,Jacoby Ellsbury,28,OF,BOS,11,140,588,96,177,284,116,35,6,20,87,45,82,41,11,.301,.355,.484,.838,7,5
458587,Brad Emaus,26,2B,BOS,7,61,186,22,44,68,29,9,1,4,20,19,34,3,1,.237,.316,.367,.683,3,0
429665,Edwin Encarnacion,29,1B3B,TOR,11,122,436,62,113,198,66,28,1,19,68,41,80,4,1,.259,.326,.455,.781,3,3
444876,Alcides Escobar,25,SS,KC,11,151,538,65,141,190,108,21,8,4,44,29,74,23,8,.262,.304,.353,.657,5,3
500871,Eduardo Escobar,23,SS,CWS,6,65,234,24,58,78,44,9,2,2,18,12,50,5,2,.246,.284,.331,.616,1,1
488862,Yunel Escobar,29,SS,TOR,11,143,546,81,154,215,116,25,2,10,57,61,69,5,3,.282,.359,.394,.752,7,3
457787,Danny Espinosa,25,2B,WAS,11,145,541,70,128,228,76,27,5,21,77,51,154,16,7,.237,.315,.420,.736,12,4
444843,Andre Ethier,30,OF,LAD,11,139,532,78,151,247,96,34,1,20,79,61,105,2,2,.284,.360,.464,.824,5,5
452783,Nick Evans,26,1B,PIT,10,87,211,24,53,83,34,12,1,5,25,16,49,1,0,.250,.304,.395,.700,1,2
456544,Eric Farris,26,2B,MIL,8,69,207,21,51,70,39,9,2,2,17,10,33,10,3,.247,.289,.336,.625,2,1
543148,Tim Federowicz,24,C,LAD,8,71,255,21,60,82,45,11,0,4,22,18,54,0,0,.234,.291,.322,.613,3,1
474494,Tommy Field,25,SS,COL,7,57,179,20,43,62,32,6,1,4,17,15,47,3,1,.239,.314,.347,.661,5,1
425902,Prince Fielder,28,1B,DET,10,157,568,100,163,309,92,33,1,37,114,105,120,1,1,.287,.406,.544,.950,12,5
408210,Chone Figgins,34,3B,SEA,11,94,328,41,82,103,66,13,2,1,22,41,60,19,8,.250,.332,.312,.644,1,2
435520,Jesus Flores,27,C,WAS,11,52,187,18,45,70,29,10,1,5,21,10,50,0,0,.241,.283,.378,.661,1,2
465753,Pedro Florimon,25,SS,MIN,7,65,186,21,42,60,30,9,1,2,16,15,56,5,3,.228,.293,.323,.616,3,0
452095,Tyler Flowers,26,C,CWS,11,73,198,24,43,78,25,9,1,8,27,28,71,1,1,.217,.327,.396,.723,5,2
430917,Mike Fontenot,32,2BSS,SF,11,96,247,26,61,92,41,14,3,4,25,22,50,3,2,.249,.311,.374,.685,2,3
452096,Darren Ford,26,OF,SEA,7,67,162,24,36,52,27,5,2,2,14,14,51,12,6,.224,.295,.321,.616,3,0
523253,Logan Forsythe,25,2B3B,SD,9,71,184,20,43,59,30,10,1,2,15,20,45,4,1,.231,.315,.319,.635,4,2
451594,Dexter Fowler,26,OF,COL,11,138,517,84,135,218,79,34,14,7,59,73,135,18,9,.260,.355,.421,.776,4,1
444844,Jake Fox,29,C,PIT,7,53,175,22,43,76,24,10,1,7,26,11,39,0,0,.242,.306,.435,.741,5,1
450204,Ben Francisco,30,OF,TOR,11,96,228,29,58,94,36,13,1,7,30,23,44,6,3,.253,.331,.414,.744,4,2
464433,Juan Francisco,25,3B,CIN,11,90,266,32,72,123,43,17,2,10,41,12,71,1,1,.269,.306,.464,.770,2,1
425796,Jeff Francoeur,28,OF,KC,11,151,566,68,154,246,98,36,3,17,76,33,102,13,6,.272,.315,.435,.750,7,10
453943,Todd Frazier,26,3B,CIN,11,80,215,27,52,89,32,11,1,8,30,16,55,4,2,.241,.303,.415,.718,3,1
518692,Freddie Freeman,22,1B,ATL,11,152,545,70,152,247,99,32,1,20,79,50,122,4,3,.280,.344,.453,.796,6,6
501896,David Freese,29,3B,STL,11,111,415,54,119,176,85,21,1,11,51,33,98,1,1,.286,.343,.424,.767,4,2
493120,Kosuke Fukudome,35,OF,CWS,11,123,427,56,109,164,74,23,3,9,47,62,89,5,6,.255,.350,.385,.734,2,3
453539,Sam Fuld,30,OF,TB,11,90,246,31,61,87,43,12,4,2,22,26,33,11,5,.248,.323,.355,.678,2,2
279577,Rafael Furcal,34,SS,STL,11,102,421,61,111,160,80,21,3,8,44,40,57,13,5,.264,.331,.381,.712,2,1
451143,Mat Gamel,26,3B,MIL,11,97,362,47,92,153,58,19,1,14,50,35,94,1,1,.253,.321,.421,.743,3,3
458731,Brett Gardner,28,OF,NYY,11,152,487,82,129,182,97,19,8,6,45,61,92,45,10,.266,.354,.374,.728,6,2
451198,Cole Garner,27,OF,NYY,7,47,145,19,35,59,22,7,2,4,18,9,44,3,2,.244,.306,.409,.715,4,0
431157,Joey Gathright,31,OF,FA,6,43,72,14,18,23,14,3,0,1,5,8,17,5,3,.244,.321,.313,.634,1,1
502226,Craig Gentry,28,OF,TEX,11,88,195,27,50,65,40,7,2,2,15,14,39,14,2,.254,.320,.333,.652,6,1
460051,Chris Getz,28,2B,KC,11,97,270,31,69,83,59,8,2,1,16,20,34,15,4,.257,.313,.306,.619,3,1
114739,Jason Giambi,41,1B,COL,11,60,147,20,34,65,20,6,0,8,24,24,42,0,0,.233,.352,.441,.793,3,1
543213,Johnny Giavotella,24,2B,KC,11,115,483,57,130,189,89,28,7,6,49,31,76,11,5,.269,.313,.391,.704,2,4
543216,Conor Gillaspie,24,3B,SF,7,74,213,26,55,79,39,10,2,3,21,20,39,2,2,.257,.323,.372,.695,2,1
502261,Cole Gillespie,28,OF,ARI,7,70,238,31,58,93,37,11,4,6,27,25,57,6,2,.243,.324,.392,.715,4,1
460269,Chris Gimenez,29,C,TB,8,48,125,16,26,41,17,6,0,3,13,16,39,1,1,.206,.299,.328,.626,1,1
340393,Ross Gload,36,1B,FA,10,89,139,15,36,55,25,8,0,3,16,10,23,0,0,.260,.311,.396,.707,1,1
502671,Paul Goldschmidt,24,1B,ARI,11,121,451,68,114,211,64,25,3,22,75,55,135,8,2,.253,.336,.468,.803,3,3
449172,Greg Golson,26,OF,KC,6,69,217,22,51,72,39,7,2,3,18,12,51,6,2,.235,.281,.331,.612,3,1
430404,Jonny Gomes,31,OF,OAK,11,119,333,44,79,137,50,15,1,13,46,35,95,5,2,.239,.321,.411,.732,9,6
460576,Carlos Gomez,26,OF,MIL,11,107,279,38,65,103,43,13,3,6,30,19,70,17,4,.233,.290,.369,.659,4,1
467143,Hector Gomez,24,SS,COL,7,47,163,17,38,60,24,8,2,3,18,7,42,4,2,.231,.268,.365,.633,1,1
408236,Adrian Gonzalez,30,1B,BOS,11,155,589,100,180,314,111,37,2,31,107,83,113,1,0,.306,.393,.532,.925,4,5
471868,Alberto Gonzalez,29,2B3BSS,TEX,7,103,225,21,55,71,42,9,2,1,16,9,28,1,1,.243,.278,.315,.593,2,2
136460,Alex Gonzalez,35,SS,MIL,11,135,450,51,109,176,71,24,1,13,55,23,90,2,1,.243,.283,.391,.675,3,2
471865,Carlos Gonzalez,26,OF,COL,11,139,533,93,159,285,95,30,6,28,97,47,118,22,6,.299,.358,.535,.893,6,6
460086,Alex Gordon,28,OF,KC,11,142,559,90,154,258,94,37,3,21,84,69,137,12,6,.276,.361,.462,.823,7,3
543829,Dee Gordon,24,SS,LAD,11,142,584,75,163,199,136,20,6,1,39,25,86,48,16,.279,.312,.340,.652,3,2
518735,Yasmani Grandal,23,C,SD,6,54,168,25,42,66,27,10,0,4,20,18,47,0,0,.248,.327,.391,.718,2,1
434158,Curtis Granderson,31,OF,NYY,11,147,557,100,142,281,77,24,9,33,101,71,148,19,6,.254,.341,.503,.845,5,5
488919,Taylor Green,25,2B,MIL,11,80,233,25,61,92,40,15,0,5,27,19,43,0,0,.261,.321,.396,.718,2,2
460022,Tyler Greene,28,2BSS,STL,10,101,250,35,59,89,41,11,2,5,25,26,74,12,2,.236,.316,.355,.671,4,1
115223,Vladimir Guerrero,37,DH,FA,11,115,479,58,135,207,96,22,1,16,63,22,55,2,2,.282,.319,.433,.753,6,4
136722,Carlos Guillen,36,2B,SEA,9,49,201,22,50,78,34,9,1,5,23,19,37,2,2,.248,.314,.385,.700,1,2
429711,Franklin Gutierrez,29,OF,SEA,11,119,478,54,118,168,87,21,1,9,46,35,101,17,4,.246,.297,.351,.648,2,4
446386,Brandon Guyer,26,OF,TB,10,98,281,38,71,110,49,13,2,7,32,15,52,8,3,.254,.302,.391,.693,5,1
461882,Jesus Guzman,28,1B,SD,10,101,351,42,100,150,67,24,2,7,43,28,64,8,3,.285,.342,.426,.769,3,2
448242,Tony Gwynn,29,OF,LAD,11,122,299,38,75,101,57,11,5,2,23,31,55,16,5,.250,.320,.339,.659,1,2
400098,Travis Hafner,35,DH,CLE,11,98,360,47,96,155,63,19,0,13,50,44,85,1,0,.266,.355,.431,.786,7,2
150020,Jerry Hairston,36,2B3BOF,LAD,11,104,330,44,84,123,59,17,1,6,34,29,47,6,3,.255,.321,.372,.692,5,3
430668,Scott Hairston,32,OF,NYM,9,83,220,30,53,96,30,12,1,10,33,18,51,4,1,.241,.306,.435,.741,3,2
407849,Bill Hall,32,2B,NYY,7,88,218,25,48,81,30,11,1,6,26,18,73,4,1,.221,.281,.370,.650,1,1
285078,Josh Hamilton,31,OF,TEX,11,124,491,78,147,261,88,31,4,25,88,40,98,8,2,.300,.352,.530,.882,3,7
453236,Mark Hamilton,27,1B,STL,8,65,145,17,35,54,23,9,0,3,16,15,38,1,0,.243,.326,.369,.695,3,1
452672,Ryan Hanigan,31,C,CIN,11,88,274,31,74,99,60,9,0,5,26,36,33,0,0,.272,.363,.362,.725,4,1
435219,Jack Hannahan,32,3B,CLE,11,86,228,26,53,81,36,11,1,5,24,25,58,1,1,.231,.310,.354,.664,2,1
429666,J.J. Hardy,29,SS,BAL,11,132,516,70,136,229,87,26,2,21,76,37,90,0,1,.264,.313,.444,.757,2,5
547180,Bryce Harper,19,OF,WAS,7,95,301,35,77,127,49,16,2,10,41,30,77,11,5,.255,.326,.423,.749,2,
407483,Willie Harris,34,OF,CIN,10,115,223,30,51,78,35,9,2,5,23,33,52,6,3,.228,.338,.350,.687,4,2
543281,Josh Harrison,24,3B,PIT,10,68,221,23,59,82,42,13,2,2,20,7,27,5,2,.268,.297,.370,.667,3,1
430611,Corey Hart,30,OF,MIL,11,134,520,80,145,259,86,29,4,26,89,48,119,9,6,.278,.343,.497,.841,6,3
425547,Brad Hawpe,33,1B,TEX,9,81,218,28,53,91,31,14,1,7,30,31,71,1,1,.244,.339,.417,.755,2,3
451109,Brett Hayes,28,C,MIA,11,67,160,17,36,60,22,10,0,5,20,11,44,0,0,.226,.278,.376,.654,1,1
452104,Chase Headley,28,3B,SD,10,137,511,65,138,201,95,32,2,9,56,58,120,14,3,.270,.346,.393,.739,3,4
502317,Chris Heisey,27,OF,CIN,11,131,371,53,94,168,59,16,1,18,58,28,99,7,2,.254,.314,.453,.767,6,4
136500,Wes Helms,36,3B,FA,6,84,162,13,36,48,29,5,1,1,11,13,49,0,1,.223,.287,.293,.581,2,1
115732,Todd Helton,38,1B,COL,11,106,382,53,107,159,76,21,1,10,46,59,70,0,0,.280,.374,.415,.789,2,6
435181,Jeremy Hermida,28,OF,SD,7,56,199,24,49,80,32,10,1,6,25,22,58,1,1,.246,.327,.401,.729,3,1
150421,Ramon Hernandez,36,C,COL,11,86,315,35,87,130,62,15,1,9,38,27,43,0,0,.276,.339,.412,.751,4,3
468406,Jonathan Herrera,27,2BSS,COL,11,115,289,34,74,91,64,6,2,2,19,26,40,5,3,.257,.320,.315,.635,1,2
518792,Jason Heyward,22,OF,ATL,11,131,466,71,123,206,77,25,3,17,67,70,105,11,4,.263,.365,.443,.808,6,3
518794,Brandon Hicks,26,3B,ATL,8,76,182,21,37,58,26,6,1,5,18,14,60,3,1,.203,.268,.319,.587,2,0
431094,Aaron Hill,30,2B,ARI,11,136,530,68,134,218,87,28,2,18,69,36,77,12,5,.253,.306,.411,.716,6,5
425542,Koyie Hill,33,C,STL,8,61,187,19,40,57,28,9,1,2,15,16,54,1,0,.215,.280,.307,.587,1,1
400134,Eric Hinske,34,OF,ATL,11,106,218,27,52,89,32,11,0,9,30,25,60,0,0,.239,.322,.409,.731,2,2
469845,Jamie Hoffmann,27,OF,COL,6,65,233,28,56,87,38,11,2,6,26,18,52,5,2,.240,.304,.373,.678,4,1
407812,Matt Holliday,32,OF,STL,11,137,524,88,156,268,94,38,1,24,90,65,97,7,4,.298,.382,.512,.894,8,3
543333,Eric Hosmer,22,1B,KC,11,141,571,77,166,265,111,31,4,20,82,43,92,11,4,.290,.339,.464,.803,1,5
429667,Ryan Howard,32,1B,PHI,11,114,402,60,104,200,58,20,2,24,73,51,124,1,0,.259,.346,.498,.844,5,4
407861,Orlando Hudson,34,2B,SD,10,107,420,57,109,154,81,19,4,6,40,47,78,11,2,.260,.337,.367,.704,3,4
333492,Aubrey Huff,35,1B,SF,11,129,457,57,118,189,77,25,2,14,59,50,78,4,2,.258,.333,.414,.747,4,6
471863,Luke Hughes,27,1B2B,MIN,11,82,214,25,50,79,33,11,1,6,24,18,58,3,2,.232,.298,.367,.665,2,1
460026,Nick Hundley,28,C,SD,10,87,314,38,82,138,49,19,3,10,44,29,85,2,2,.260,.323,.439,.763,3,4
116338,Torii Hunter,36,OF,LAA,11,135,521,74,140,229,93,25,1,21,74,55,109,8,7,.268,.341,.439,.780,4,4
455104,Chris Iannetta,29,C,LAA,10,100,332,45,77,136,46,15,1,14,47,56,86,3,2,.231,.349,.408,.758,7,4
116380,Raul Ibanez,40,OF,FA,11,122,463,60,117,199,72,26,2,17,65,42,97,2,1,.253,.314,.429,.743,2,5
578428,Jose Iglesias,22,SS,BOS,6,58,157,15,39,46,33,5,1,0,9,7,28,3,2,.246,.292,.293,.586,3,0
408299,Omar Infante,30,2B,MIA,11,138,526,61,152,204,119,20,5,7,49,33,65,5,3,.288,.329,.387,.716,1,6
276346,Brandon Inge,35,3B,DET,11,111,351,37,77,123,53,13,2,9,37,32,93,2,2,.221,.293,.349,.643,6,4
448170,Travis Ishikawa,28,OF,MIL,7,76,175,22,42,67,27,10,1,5,20,17,50,1,1,.239,.312,.381,.693,2,1
285131,Cesar Izturis,32,SS,MIL,8,73,249,23,59,72,49,8,1,1,15,12,33,6,3,.237,.281,.288,.569,3,1
430895,Maicer Izturis,31,2B3B,LAA,11,98,372,46,101,141,71,24,1,5,37,29,48,9,4,.271,.329,.378,.707,5,4
457706,Austin Jackson,25,OF,DET,10,151,588,87,154,224,109,26,10,8,57,53,167,24,5,.261,.324,.382,.706,4,4
571804,Brett Jackson,23,OF,CHC,10,103,297,39,67,113,43,12,4,8,35,32,87,10,4,.227,.307,.379,.686,2,1
433582,Conor Jackson,30,1BOF,TEX,11,97,296,34,73,103,53,15,1,4,28,30,42,5,1,.248,.321,.349,.670,2,2
457926,Paul Janish,29,SS,CIN,11,78,220,21,51,67,38,11,0,2,16,16,31,2,1,.232,.292,.306,.598,3,2
444379,John Jaso,28,C,SEA,10,87,238,30,58,84,41,13,1,4,23,30,33,2,1,.246,.335,.355,.690,2,1
445055,Jon Jay,27,OF,STL,11,133,437,58,126,180,91,24,2,9,49,30,74,7,5,.288,.341,.412,.753,7,4
457775,Desmond Jennings,25,OF,TB,11,128,517,84,135,215,90,23,8,14,63,59,112,37,9,.261,.345,.415,.760,8,2
116539,Derek Jeter,38,SS,NYY,11,142,587,90,168,227,131,25,3,9,57,55,91,17,5,.286,.351,.386,.737,6,3
453400,Chris Johnson,27,3B,HOU,11,103,331,32,86,129,60,17,2,7,36,14,79,2,1,.261,.297,.389,.687,4,3
430681,Dan Johnson,32,1B,CWS,7,72,203,26,44,74,28,7,0,8,25,27,45,0,0,.214,.309,.364,.673,1,1
471107,Elliot Johnson,28,SS,TB,11,71,171,20,38,62,24,7,2,4,19,14,50,6,4,.222,.282,.364,.646,1,0
430637,Kelly Johnson,30,2B,TOR,11,143,514,73,127,226,72,29,5,20,75,60,134,13,6,.246,.327,.439,.766,3,2
407862,Reed Johnson,35,OF,CHC,11,90,215,26,57,85,39,13,1,4,24,8,48,2,1,.266,.314,.395,.709,8,2
453531,Rob Johnson,29,C,NYM,7,68,184,18,38,58,25,10,1,2,16,19,50,2,1,.209,.290,.315,.606,3,1
430945,Adam Jones,26,OF,BAL,11,149,570,76,160,261,107,27,3,23,83,31,116,10,5,.280,.325,.458,.783,10,7
116662,Andruw Jones,35,OF,NYY,11,79,243,36,56,112,30,11,0,15,43,35,68,4,1,.230,.333,.463,.796,3,1
116706,Chipper Jones,40,3B,ATL,11,103,382,55,101,167,63,23,1,14,54,58,67,3,1,.264,.358,.437,.795,0,4
434540,Garrett Jones,31,1BOF,PIT,10,138,419,52,106,184,62,26,1,17,62,42,93,7,3,.253,.321,.438,.759,2,4
459964,Matt Joyce,27,OF,TB,11,135,457,68,120,214,67,31,3,19,73,58,111,10,3,.263,.347,.468,.816,4,6
451500,Kila Ka'aihue,28,1B,OAK,11,78,228,28,52,87,34,10,0,8,28,36,61,0,0,.229,.333,.380,.713,1,2
501888,Ryan Kalish,24,OF,BOS,10,73,205,28,52,82,33,12,1,5,25,19,46,9,3,.251,.316,.401,.718,1,2
400290,Austin Kearns,32,OF,MIA,8,82,211,27,49,73,34,9,1,4,21,26,61,2,2,.232,.334,.347,.682,7,1
430603,Don Kelly,32,3BOF,DET,11,104,251,31,63,94,46,8,2,6,27,14,39,4,1,.250,.294,.377,.671,2,1
461314,Matt Kemp,27,OF,LAD,11,157,591,98,172,307,106,29,5,32,105,60,153,31,11,.291,.357,.520,.877,5,7
435062,Howard Kendrick,28,2BOF,LAA,11,143,552,76,157,244,104,33,5,15,72,30,107,14,5,.283,.327,.442,.769,7,2
150456,Adam Kennedy,36,1B2B3B,LAD,11,98,319,34,80,112,58,17,1,4,30,25,51,9,3,.251,.308,.351,.660,2,2
433898,Jeff Keppinger,32,2B,TB,11,106,344,39,96,130,72,19,1,5,33,23,26,1,1,.278,.324,.377,.701,2,3
435079,Ian Kinsler,30,2B,TEX,11,141,553,99,149,262,89,31,3,25,89,72,72,26,5,.269,.358,.474,.832,7,4
543401,Jason Kipnis,25,2B,CLE,11,121,482,70,127,211,79,27,5,16,66,42,110,13,2,.263,.325,.437,.763,5,3
117244,Paul Konerko,36,1B,CWS,11,139,525,78,151,265,96,25,1,29,93,68,95,1,1,.287,.371,.505,.875,6,7
425773,Casey Kotchman,29,1B,CLE,11,139,450,48,123,178,89,23,1,9,49,41,58,1,1,.274,.341,.395,.735,7,4
117276,Mark Kotsay,36,OF,SD,10,84,220,21,57,80,41,11,1,4,22,19,25,2,1,.258,.317,.366,.683,0,1
435459,George Kottaras,29,C,MIL,11,62,166,21,39,68,22,10,1,6,23,20,41,1,1,.237,.318,.413,.731,0,2
450260,Kevin Kouzmanoff,30,3B,KC,9,113,315,35,80,132,50,19,1,10,42,15,60,1,0,.255,.300,.418,.718,7,4
518902,Pete Kozma,24,2B,STL,7,74,212,22,45,62,32,9,1,2,16,19,53,2,1,.211,.280,.294,.574,2,1
456124,Erik Kratz,32,C,PHI,6,42,165,21,39,64,24,10,0,5,21,15,42,1,0,.234,.312,.387,.699,4,0
430585,Jason Kubel,30,OF,ARI,11,122,452,57,122,207,76,25,2,19,69,45,99,1,1,.269,.335,.459,.794,2,4
445933,Bryan LaHair,29,OF,CHC,11,109,364,50,95,162,58,20,1,15,55,36,99,1,1,.260,.328,.446,.774,1,2
477186,Brandon Laird,24,3B,NYY,6,75,256,26,62,94,44,10,1,7,28,14,47,1,0,.240,.284,.367,.651,3,1
408042,Gerald Laird,32,C,DET,9,58,181,18,41,59,27,10,1,2,16,15,34,2,1,.224,.291,.327,.618,3,1
453181,Matt LaPorta,27,1B,CLE,11,111,341,40,84,139,52,19,1,11,45,30,76,1,1,.245,.312,.409,.720,4,3
425560,Adam LaRoche,32,1B,WAS,11,96,420,55,103,178,63,23,1,17,60,48,115,1,1,.246,.323,.425,.748,1,3
451188,Andy LaRoche,28,3B,CLE,8,83,230,26,54,80,38,11,1,4,22,16,33,2,1,.235,.296,.347,.643,4,1
543432,Ryan Lavarnway,24,C,BOS,11,85,255,30,64,105,42,11,0,10,35,24,62,0,0,.249,.319,.413,.732,3,1
543434,Brett Lawrie,22,3B,TOR,11,124,507,77,141,252,83,28,9,22,82,42,108,20,6,.278,.340,.496,.837,6,1
150324,Carlos Lee,36,1BOF,HOU,11,143,558,66,151,246,98,32,2,19,78,45,56,4,3,.272,.326,.441,.766,3,5
117601,Derrek Lee,36,1B,FA,10,111,455,64,122,203,79,22,1,19,67,50,105,2,1,.267,.343,.447,.789,4,4
518934,DJ LeMahieu,23,2B,COL,9,89,243,24,67,85,53,10,2,1,19,10,36,4,3,.275,.307,.349,.656,2,2
430930,Fred Lewis,31,OF,CLE,8,101,221,31,54,83,35,13,2,4,24,25,58,7,4,.243,.330,.374,.704,5,2
499926,Alex Liddi,23,3B,SEA,9,69,242,33,57,95,35,13,1,8,31,18,73,2,1,.234,.297,.392,.688,4,1
452121,Brent Lillibridge,28,1BOF,CWS,11,107,228,36,54,93,34,9,2,9,31,21,77,14,6,.236,.313,.407,.720,5,2
452252,Adam Lind,28,1B,TOR,11,137,534,65,140,245,86,28,1,25,85,38,117,1,1,.261,.311,.459,.771,3,5
446653,Jose Lobaton,27,C,TB,10,54,176,17,41,59,30,8,0,3,17,20,48,0,0,.235,.314,.338,.652,1,1
429400,Adam Loewen,28,OF,NYM,6,34,149,15,33,51,22,7,1,3,15,13,44,2,1,.222,.295,.341,.636,3,0
543459,Steve Lombardozzi,23,2B3B,WAS,10,80,223,26,57,77,43,10,3,2,18,14,35,6,3,.255,.306,.348,.653,2,1
425766,James Loney,28,1B,LAD,11,155,532,66,149,219,104,31,2,12,62,48,74,6,2,.279,.339,.411,.750,2,4
446334,Evan Longoria,26,3B,TB,11,146,543,90,148,279,79,36,2,30,101,77,116,8,2,.273,.365,.515,.880,6,7
150479,Felipe Lopez,32,3B,FA,7,92,254,30,63,90,47,11,1,4,24,22,52,3,2,.250,.311,.353,.664,1,2
430946,Jose Lopez,28,2B3B,CLE,8,112,346,36,88,138,59,20,0,10,43,12,41,2,1,.255,.285,.398,.683,4,4
476704,Jed Lowrie,28,3BSS,HOU,11,115,398,52,102,163,66,21,3,11,49,39,77,2,1,.257,.323,.410,.733,2,5
518960,Jonathan Lucroy,26,C,MIL,11,131,428,47,112,163,82,19,1,10,46,35,86,3,2,.262,.319,.380,.699,2,3
455113,Donny Lucy,29,C,FA,6,32,66,9,14,23,8,4,0,2,8,6,27,1,0,.209,.283,.356,.638,1,1
407886,Ryan Ludwick,33,OF,CIN,10,133,459,56,113,184,75,22,1,16,59,44,111,1,2,.246,.317,.401,.718,6,5
430574,Mitch Maier,30,OF,KC,11,70,191,25,47,67,34,8,3,2,17,23,44,3,1,.247,.329,.352,.682,1,1
455117,Martin Maldonado,25,C,MIL,7,57,161,18,37,55,26,7,0,4,16,12,45,2,1,.226,.309,.340,.649,7,0
455976,Nick Markakis,28,OF,BAL,11,156,613,81,177,262,124,37,2,15,75,62,85,9,2,.289,.356,.428,.784,4,6
502029,Chris Marrero,23,1B,WAS,9,81,238,21,61,86,45,12,0,4,23,17,52,1,1,.258,.311,.362,.673,2,3
453974,Lou Marson,26,C,CLE,11,86,263,29,60,82,43,13,1,2,21,29,65,5,1,.227,.307,.313,.619,2,2
547982,Leonys Martin,24,OF,TEX,10,54,253,33,67,94,48,14,2,3,24,19,41,13,8,.266,.326,.370,.696,4,2
431145,Russell Martin,29,C,NYY,11,119,393,55,98,151,69,17,0,12,46,51,71,8,3,.250,.343,.384,.727,6,3
494686,Fernando Martinez,23,OF,HOU,8,56,167,19,38,63,24,9,0,5,20,11,42,1,0,.231,.295,.379,.674,5,1
502110,J.D. Martinez,24,OF,HOU,10,120,494,64,139,211,95,30,1,13,62,36,107,2,2,.282,.333,.428,.761,4,6
446208,Luis Martinez,27,C,TEX,7,57,165,19,38,53,28,8,1,2,13,16,41,1,0,.231,.307,.320,.626,2,1
492841,Michael Martinez,29,3B,PHI,9,83,219,26,48,71,34,8,2,3,19,17,45,4,2,.221,.279,.326,.606,2,1
501954,Osvaldo Martinez,24,SS,CWS,8,71,188,21,46,58,36,8,1,1,13,12,31,3,2,.243,.294,.311,.604,2,0
400121,Victor Martinez,33,C,DET,9,73,339,50,101,158,66,23,1,11,49,37,44,1,0,.297,.365,.467,.831,2,6
518991,Darin Mastroianni,26,OF,MIN,6,64,249,32,60,78,46,10,2,2,18,25,52,14,2,.240,.313,.316,.629,2,0
458628,Joe Mather,29,OF,CHC,7,69,175,20,40,62,26,9,1,4,19,14,44,3,2,.230,.289,.357,.646,1,0
425772,Jeff Mathis,29,C,TOR,11,78,194,17,38,57,27,8,0,3,16,11,56,1,1,.197,.247,.291,.538,2,2
425686,Hideki Matsui,38,OF,FA,10,125,447,53,114,179,78,21,0,14,56,53,78,1,1,.255,.333,.400,.733,1,5
408045,Joe Mauer,29,C,MIN,11,117,467,74,146,207,105,29,1,10,57,55,56,2,2,.312,.385,.444,.829,4,5
452239,Justin Maxwell,28,OF,NYY,6,71,180,28,38,71,22,8,1,8,25,25,71,9,3,.212,.313,.395,.708,2,1
460055,John Mayberry,28,OF,PHI,11,122,398,52,100,176,60,22,1,17,60,30,92,10,3,.252,.309,.442,.751,3,3
457727,Cameron Maybin,25,OF,SD,10,143,526,78,138,211,94,25,8,11,59,49,134,30,7,.262,.328,.400,.728,4,2
435263,Brian McCann,28,C,ATL,11,136,474,63,129,224,80,26,0,23,77,58,89,4,2,.272,.356,.472,.828,5,3
453454,Mike McCoy,31,SSOF,TOR,10,80,195,24,43,56,33,8,0,2,14,23,38,10,3,.221,.304,.290,.594,1,1
457705,Andrew McCutchen,25,OF,PIT,10,149,560,91,154,260,94,34,6,20,83,77,107,26,9,.275,.366,.465,.831,6,6
150021,Darnell McDonald,33,OF,BOS,11,85,190,25,48,78,30,10,2,6,24,16,49,4,2,.252,.316,.413,.729,2,1
150348,John McDonald,37,2B3BSS,ARI,11,70,195,22,47,69,33,9,1,4,19,8,26,2,3,.243,.274,.356,.630,1,3
431171,Casey McGehee,29,3B,PIT,10,126,395,45,101,159,67,21,1,12,49,32,72,0,1,.255,.310,.402,.712,2,5
502374,Michael McKenry,27,C,PIT,10,66,186,18,42,62,28,11,0,3,18,16,47,0,1,.226,.288,.333,.621,1,2
434661,Nate McLouth,30,OF,PIT,10,90,311,43,74,117,48,15,2,8,36,42,61,9,3,.237,.335,.376,.711,4,1
425774,Dallas McPherson,31,1B,CWS,6,56,190,24,42,78,24,9,1,9,28,16,71,1,1,.221,.285,.410,.695,1,0
519023,Devin Mesoraco,24,C,CIN,11,92,326,40,80,139,47,19,1,12,46,28,69,0,1,.247,.311,.427,.738,3,2
346859,Jason Michaels,36,OF,WAS,9,88,158,18,36,61,21,10,1,4,20,13,34,1,1,.231,.298,.389,.687,2,0
425446,Aaron Miles,35,2B3B,FA,10,104,303,33,79,99,65,11,2,2,21,16,36,3,2,.261,.301,.326,.626,2,3
455687,Jai Miller,27,OF,BAL,8,38,148,17,35,59,22,7,1,5,20,12,52,2,1,.236,.298,.403,.701,2,1
506673,Juan Miranda,29,1B,TB,9,76,187,23,42,74,25,9,1,7,25,21,51,0,0,.224,.311,.398,.710,3,1
501827,Jermaine Mitchell,27,OF,OAK,6,96,301,32,71,102,53,10,4,4,25,31,79,8,6,.237,.308,.338,.646,1,1
452199,Russell Mitchell,27,3B,LAD,8,73,185,21,41,68,26,9,1,6,22,15,40,1,0,.222,.285,.369,.654,1,1
435238,Gustavo Molina,30,C,NYY,7,31,109,11,24,38,15,6,0,3,12,6,28,0,0,.217,.263,.352,.615,2,1
150040,Jose Molina,37,C,TB,11,59,220,22,54,79,38,11,1,4,22,17,54,1,1,.244,.306,.360,.666,3,0
425877,Yadier Molina,29,C,STL,11,138,466,52,135,194,98,26,1,10,54,38,45,6,4,.289,.345,.415,.761,4,4
428642,Lou Montanez,30,OF,PHI,7,60,177,21,44,65,30,9,2,3,18,12,31,2,2,.247,.301,.370,.671,2,1
524968,Jesus Montero,22,DH,SEA,10,105,442,60,123,205,78,25,1,19,68,42,102,1,0,.277,.342,.463,.806,3,2
471083,Miguel Montero,28,C,ARI,11,125,456,63,126,211,76,32,1,17,69,43,94,1,1,.276,.343,.462,.806,5,4
446192,Adam Moore,28,C,SEA,9,43,135,14,31,47,22,7,0,3,14,8,38,0,0,.230,.281,.347,.627,1,1
489135,Jeremy Moore,25,OF,LAA,7,71,204,27,48,77,32,7,4,5,22,11,66,7,4,.236,.280,.379,.660,2,0
458643,Jose Morales,29,C,PIT,7,38,109,14,27,36,20,7,0,1,9,14,27,0,0,.250,.335,.336,.671,1,2
434778,Kendrys Morales,29,1B,LAA,9,74,348,50,99,169,63,19,0,17,57,23,62,1,2,.285,.332,.486,.818,3,3
543569,Brent Morel,25,3B,CWS,11,126,455,54,120,180,84,23,2,11,52,26,75,7,5,.264,.305,.395,.700,2,2
519048,Mitch Moreland,26,1BOF,TEX,11,123,442,57,116,187,76,22,1,16,60,43,88,3,2,.262,.329,.424,.753,3,4
460579,Nyjer Morgan,31,OF,MIL,11,123,435,62,122,163,93,19,7,3,37,32,79,25,11,.280,.343,.375,.718,12,4
408047,Justin Morneau,31,1B,MIN,11,86,379,55,104,176,64,24,1,16,59,44,66,0,0,.275,.352,.464,.816,2,3
489149,Logan Morrison,24,OF,MIA,11,132,499,71,132,232,77,31,6,19,76,70,101,3,2,.265,.359,.466,.824,4,3
434604,Michael Morse,30,1BOF,WAS,11,144,508,70,145,259,86,31,1,27,91,36,118,2,2,.285,.342,.509,.851,9,3
461235,Brandon Moss,28,OF,OAK,7,71,246,30,57,95,35,13,1,7,31,22,65,2,3,.232,.300,.388,.688,2,1
519058,Mike Moustakas,23,3B,KC,11,130,526,59,141,217,95,30,1,14,65,33,83,3,1,.268,.312,.413,.725,3,5
502517,Daniel Murphy,27,1B2B3B,NYM,11,109,405,53,119,177,80,29,3,8,50,29,51,5,3,.295,.343,.437,.780,2,3
461815,David Murphy,30,OF,TEX,11,126,402,52,111,170,78,20,2,12,50,34,65,11,4,.275,.331,.422,.752,0,4
430906,Donnie Murphy,29,SS,MIA,10,48,144,18,33,58,19,8,1,5,19,9,37,0,0,.229,.288,.403,.691,3,1
294558,Xavier Nady,33,1B,FA,9,77,196,23,49,71,35,10,0,4,20,11,48,1,0,.248,.299,.362,.661,5,3
435063,Mike Napoli,30,C1B,TEX,11,122,413,66,113,219,61,24,1,27,82,50,108,4,2,.273,.359,.531,.890,7,3
425900,Dioner Navarro,28,C,CIN,9,71,186,16,41,59,30,7,0,3,16,15,29,1,1,.222,.288,.317,.605,3,1
519068,Efren Navarro,26,1B,LAA,7,73,221,24,54,77,37,13,1,3,21,18,44,2,1,.243,.302,.349,.651,2,1
501605,Yamaico Navarro,24,3B,PIT,8,43,149,18,34,52,23,7,1,3,15,13,33,3,2,.228,.297,.346,.643,2,2
455126,Chris Nelson,26,2B3B,COL,11,87,230,27,60,90,41,12,2,5,26,12,43,4,1,.260,.300,.391,.691,2,1
435081,Mike Nickeas,29,C,NYM,9,44,142,12,30,41,23,6,0,2,11,13,29,0,1,.214,.287,.292,.579,2,1
408242,Wil Nieves,34,C,COL,6,46,158,13,34,44,27,6,0,2,11,9,30,1,0,.217,.266,.280,.546,2,1
457292,Tsuyoshi Nishioka,27,SS,MIN,11,78,242,23,60,75,50,7,1,2,16,18,42,6,5,.250,.306,.310,.616,1,0
434624,Jayson Nix,29,3B,NYY,8,68,188,22,40,71,24,8,1,7,25,15,51,3,1,.211,.282,.376,.659,4,1
425556,Laynce Nix,31,OF,PHI,10,109,255,30,65,113,38,14,1,11,39,19,64,1,1,.253,.305,.444,.750,1,2
456488,Eduardo Nunez,25,3BSS,NYY,11,115,289,36,78,109,58,15,1,4,29,18,35,17,4,.271,.315,.378,.693,1,1
469721,Trent Oeltjen,29,OF,LAD,8,79,176,24,42,69,27,9,2,4,21,15,52,7,2,.241,.312,.393,.705,3,1
400018,Miguel Olivo,33,C,SEA,11,117,404,46,95,163,62,15,2,16,54,20,121,5,3,.236,.272,.404,.675,2,4
120044,Magglio Ordonez,38,OF,FA,11,83,326,41,91,127,70,13,1,7,34,30,43,2,1,.278,.338,.389,.727,1,3
434681,Pete Orr,33,2B,PHI,7,72,210,22,48,69,35,9,2,3,18,11,45,6,2,.229,.285,.328,.613,6,1
120074,David Ortiz,36,DH,BOS,11,129,488,77,135,250,75,32,1,27,90,73,108,1,1,.276,.371,.512,.883,2,3
407489,Lyle Overbay,35,1B,ARI,11,98,279,35,67,109,42,16,1,8,34,34,62,1,1,.242,.327,.392,.720,2,2
457574,Jordan Pacheco,26,1B,COL,10,62,218,23,57,78,44,9,1,3,20,14,30,1,1,.262,.318,.356,.674,4,1
434636,Angel Pagan,30,OF,SF,11,128,490,68,135,198,94,27,6,8,53,41,78,28,8,.275,.330,.404,.734,1,4
431166,Matt Pagnozzi,29,C,CLE,8,43,116,12,26,37,18,6,0,2,10,9,37,0,0,.223,.287,.318,.605,1,1
517370,Jimmy Paredes,23,3B,HOU,11,111,432,47,110,157,78,22,4,6,41,19,109,18,10,.254,.285,.364,.649,1,2
476633,Chris Parmelee,24,1B,MIN,11,82,274,31,73,111,51,15,1,7,32,28,55,0,1,.267,.336,.403,.739,1,2
467827,Gerardo Parra,25,OF,ARI,11,137,401,49,113,165,80,21,7,6,43,34,77,10,3,.282,.339,.412,.751,3,3
519107,Andy Parrino,26,3B,SD,9,54,144,16,32,46,23,6,1,2,12,19,45,2,1,.222,.320,.319,.639,3,2
543629,Tyler Pastornicky,22,SS,ATL,10,135,512,60,134,174,109,16,4,6,41,36,74,24,10,.262,.310,.340,.650,2,4
279913,Corey Patterson,32,OF,FA,9,94,286,34,69,104,47,14,2,6,30,15,67,14,6,.240,.281,.363,.644,1,2
452221,Eric Patterson,29,OF,DET,7,65,177,22,40,64,25,8,3,4,18,15,47,9,3,.223,.287,.360,.647,1,1
449082,Xavier Paul,27,OF,WAS,9,113,211,25,52,74,38,9,3,3,19,13,49,10,4,.248,.296,.353,.649,2,1
425661,Ronny Paulino,31,C,BAL,8,81,216,22,55,77,40,11,0,3,21,17,39,1,0,.257,.310,.359,.669,1,2
456665,Steve Pearce,29,1B,MIN,6,51,131,18,30,52,17,8,1,4,17,15,33,2,1,.232,.317,.396,.713,2,2
456030,Dustin Pedroia,28,2B,BOS,11,144,587,97,175,274,116,38,2,19,83,71,68,20,6,.299,.374,.466,.840,3,7
451713,Carlos Peguero,25,OF,SEA,9,84,236,27,50,91,30,8,3,9,31,16,96,2,2,.212,.272,.387,.659,5,1
430910,Brayan Pena,30,C,KC,11,70,221,20,57,79,42,11,0,4,21,13,28,1,0,.256,.301,.358,.659,2,3
150289,Carlos Pena,34,1B,TB,10,138,462,73,105,219,51,23,2,29,85,90,155,3,2,.228,.357,.474,.831,5,4
455369,Ramiro Pena,26,3B,NYY,9,71,159,19,37,51,28,6,1,2,13,10,32,4,1,.232,.282,.322,.604,1,1
276377,Wily Mo Pena,30,DH,FA,6,63,245,30,55,98,35,9,1,11,34,16,71,2,1,.226,.284,.399,.683,4,1
452254,Hunter Pence,29,OF,PHI,11,154,597,85,171,279,113,32,4,23,88,50,113,11,6,.287,.341,.468,.809,1,4
460060,Cliff Pennington,28,SS,OAK,11,149,508,61,130,186,93,26,4,7,48,46,99,20,7,.257,.319,.365,.684,2,4
425509,Jhonny Peralta,30,SS,DET,10,145,550,65,148,232,100,28,2,17,71,45,107,1,1,.268,.322,.422,.744,2,8
521692,Salvador Perez,22,C,KC,11,106,387,44,107,154,78,20,2,7,42,18,54,0,0,.277,.311,.398,.709,3,3
519128,Bryan Petersen,26,OF,MIA,11,94,234,28,60,88,42,13,3,3,23,26,53,6,3,.257,.338,.377,.714,3,2
501941,Chris Pettit,27,OF,FA,6,51,195,23,40,62,27,9,1,3,18,15,55,5,2,.207,.279,.316,.595,5,1
543647,Cord Phelps,25,2B,CLE,10,81,202,25,48,72,33,10,2,3,20,21,45,2,2,.238,.313,.356,.669,1,0
408252,Brandon Phillips,31,2B,CIN,11,148,600,88,169,265,114,34,4,18,80,43,83,16,9,.282,.336,.442,.778,8,5
429712,Felix Pie,27,OF,CLE,9,91,217,27,54,82,37,10,3,4,22,14,45,4,2,.250,.298,.376,.674,1,2
334393,Juan Pierre,34,OF,PHI,11,146,537,67,148,174,129,14,4,1,33,34,35,33,13,.277,.330,.323,.654,10,2
150229,A.J. Pierzynski,35,C,CWS,11,124,448,44,125,176,92,25,1,8,48,20,40,1,1,.280,.314,.394,.708,4,4
489209,Brett Pill,27,1B,SF,11,71,224,26,60,94,39,12,2,6,28,10,32,1,2,.265,.300,.421,.721,2,2
444489,Manny Pina,25,C,KC,7,45,167,20,36,55,23,10,0,3,16,16,36,0,0,.216,.297,.331,.627,4,1
461858,Trevor Plouffe,26,SS,MIN,11,93,307,38,73,120,47,16,2,9,38,21,67,3,3,.239,.295,.390,.685,4,3
135784,Placido Polanco,36,3B,PHI,11,118,495,58,140,178,114,19,1,6,42,34,44,4,1,.282,.331,.359,.691,5,7
120691,Jorge Posada,40,DH,FA,7,68,170,24,40,73,23,9,0,8,26,28,51,1,1,.235,.347,.429,.775,3,3
457763,Buster Posey,25,C,SF,11,111,455,62,130,201,92,22,1,15,61,42,73,3,1,.287,.352,.441,.793,6,4
445169,Landon Powell,30,C,OAK,11,46,133,16,28,42,20,5,0,3,12,15,37,0,0,.212,.294,.316,.610,0,1
445988,Martin Prado,28,3BOF,ATL,11,135,554,76,159,235,111,33,2,13,67,37,67,4,5,.287,.331,.424,.755,2,4
502100,Alex Presley,26,OF,PIT,10,104,414,52,118,177,82,21,8,7,47,25,75,15,6,.286,.329,.428,.757,2,2
445095,Jason Pridie,28,OF,OAK,9,83,188,23,43,66,29,9,2,4,19,15,51,6,2,.229,.287,.354,.641,1,1
405395,Albert Pujols,32,1B,LAA,10,147,566,109,176,330,102,33,1,40,121,82,65,10,3,.310,.398,.583,.981,5,7
346857,Nick Punto,34,2B,BOS,10,71,219,31,56,78,39,12,3,1,19,33,43,7,2,.254,.351,.356,.707,1,2
435041,Carlos Quentin,29,OF,SD,11,123,423,59,105,199,56,26,1,22,73,40,79,2,1,.248,.337,.470,.807,19,4
279827,Humberto Quintero,32,C,HOU,11,78,222,17,52,70,39,9,1,3,18,6,41,0,0,.233,.259,.317,.576,2,1
430605,Ryan Raburn,31,2BOF,DET,11,114,388,54,100,172,61,22,2,15,57,28,103,3,2,.258,.314,.443,.757,5,3
493351,Alexei Ramirez,30,SS,CWS,11,153,587,78,160,240,115,27,2,16,70,41,80,10,6,.273,.322,.409,.731,3,6
133380,Aramis Ramirez,34,3B,MIL,11,129,509,72,145,249,91,29,1,24,84,41,78,1,1,.285,.344,.489,.833,7,6
434670,Hanley Ramirez,28,SS,MIA,10,139,543,91,157,252,105,30,1,21,80,62,96,30,12,.289,.367,.464,.830,6,3
457133,Wilkin Ramirez,26,OF,MIN,6,42,149,22,33,58,20,7,2,5,19,12,53,6,3,.223,.286,.392,.678,2,1
467092,Wilson Ramos,24,C,WAS,11,113,411,50,110,179,70,25,1,14,57,33,78,0,1,.267,.325,.435,.760,3,2
285068,Cody Ransom,36,SS,ARI,6,64,182,23,40,73,22,11,1,7,25,17,56,3,1,.220,.298,.400,.698,3,0
458675,Colby Rasmus,25,OF,TOR,11,143,482,75,119,213,69,27,4,19,72,53,126,7,4,.248,.322,.442,.763,1,3
489232,Anthony Recker,28,C,OAK,8,49,158,17,34,52,23,7,0,4,16,15,45,1,1,.214,.288,.331,.619,2,1
502210,Josh Reddick,25,OF,OAK,11,127,422,54,107,180,64,26,4,13,57,32,88,4,3,.253,.304,.427,.732,1,4
460099,Nolan Reimold,28,OF,BAL,11,109,388,46,97,165,63,17,3,15,54,42,86,8,2,.250,.329,.426,.755,5,4
121074,Edgar Renteria,36,SS,FA,11,81,275,30,69,94,52,12,1,4,24,23,51,3,1,.250,.307,.342,.649,1,3
434705,Jason Repko,31,OF,BOS,7,75,136,19,30,44,22,5,0,3,13,11,41,6,2,.219,.291,.325,.616,3,1
519184,Ben Revere,24,OF,MIN,11,123,481,57,133,156,116,11,5,1,29,29,49,34,11,.276,.320,.325,.645,3,1
408314,Jose Reyes,29,SS,MIA,11,136,574,93,173,261,119,32,13,10,68,43,58,37,9,.302,.350,.454,.804,1,4
448602,Mark Reynolds,28,1B3B,BAL,11,149,517,80,116,249,55,24,1,36,100,73,200,9,5,.224,.325,.481,.806,7,4
489242,Will Rhymes,29,2B,TB,7,77,219,28,60,76,47,10,2,1,17,18,27,4,3,.275,.330,.350,.680,1,1
460322,Antoan Richardson,28,OF,FA,6,52,155,22,35,44,29,5,1,1,9,19,43,8,2,.226,.335,.281,.615,6,0
425567,Alex Rios,31,OF,CWS,11,143,536,67,136,214,93,26,2,16,65,31,82,19,8,.255,.299,.399,.697,4,5
407487,Juan Rivera,33,1BOF,LAD,11,109,373,43,98,153,68,18,1,12,47,30,53,2,2,.264,.320,.411,.731,2,4
519203,Anthony Rizzo,22,1B,CHC,10,68,254,30,58,102,31,17,1,9,35,29,78,3,2,.227,.314,.402,.716,4,2
406878,Brian Roberts,34,2B,BAL,11,74,337,48,90,132,61,21,1,6,37,35,55,15,3,.266,.333,.391,.724,1,4
440251,Ryan Roberts,31,2B3B,ARI,11,130,457,70,115,188,74,24,2,15,60,56,95,14,7,.252,.334,.412,.747,2,3
453203,Shane Robinson,27,OF,STL,8,46,137,18,33,48,22,7,1,2,13,11,22,4,2,.239,.302,.351,.653,2,2
477054,Trayvon Robinson,24,OF,SEA,11,104,299,34,67,106,43,16,2,6,32,26,109,9,5,.226,.290,.356,.645,1,1
121347,Alex Rodriguez,36,3B,NYY,11,109,442,71,120,212,74,22,1,23,74,59,94,6,2,.270,.359,.480,.839,5,5
121358,Ivan Rodriguez,40,C,FA,8,59,188,20,46,66,33,9,1,3,18,10,38,1,1,.246,.285,.349,.634,1,2
446044,Josh Rodriguez,27,SS,PIT,7,31,97,12,22,32,15,4,0,2,9,10,30,1,1,.224,.302,.328,.630,1,0
425904,Luis Rodriguez,32,SS,SEA,9,63,160,16,37,52,27,7,0,2,14,19,19,1,1,.232,.312,.325,.637,1,2
446481,Sean Rodriguez,27,2B3BSS,TB,11,130,399,53,95,155,60,21,3,11,48,36,104,12,5,.238,.322,.389,.711,14,2
121409,Scott Rolen,37,3B,CIN,11,88,366,49,99,157,62,25,2,10,48,30,57,2,1,.269,.329,.429,.758,5,5
276519,Jimmy Rollins,33,SS,PHI,11,137,561,81,148,227,103,26,3,15,67,53,58,28,6,.264,.328,.404,.733,2,4
461865,Andrew Romine,26,SS,LAA,8,54,155,18,34,44,28,5,1,1,10,13,39,5,2,.223,.292,.285,.578,2,0
519222,Austin Romine,23,C,NYY,9,63,201,23,48,70,35,9,0,4,20,15,45,1,1,.241,.296,.347,.643,2,1
489267,Adam Rosales,29,SS,OAK,11,52,173,19,40,58,29,6,1,4,16,14,43,1,1,.229,.292,.337,.629,3,3
501647,Wilin Rosario,23,C,COL,11,83,260,27,62,109,38,11,2,11,37,11,69,0,1,.238,.272,.419,.691,1,2
425496,Cody Ross,31,OF,BOS,11,130,441,57,113,185,71,25,1,15,60,36,98,5,2,.255,.317,.420,.737,5,3
424325,David Ross,35,C,ATL,11,53,148,17,37,63,23,8,1,5,20,19,43,0,1,.254,.341,.425,.766,1,1
457130,Vinny Rottino,32,OF,NYM,7,22,131,17,34,47,24,7,0,2,12,13,25,3,2,.257,.328,.357,.685,1,1
400023,Aaron Rowand,34,OF,MIA,11,97,287,33,69,107,45,15,2,7,32,14,71,3,2,.239,.292,.372,.664,7,1
448605,Justin Ruggiano,30,OF,HOU,8,69,188,23,44,69,29,9,0,5,22,13,58,6,2,.233,.289,.369,.658,2,1
434563,Carlos Ruiz,33,C,PHI,11,121,382,48,106,150,75,23,1,7,41,48,49,1,1,.276,.367,.392,.760,8,2
453895,Brendan Ryan,30,SS,SEA,11,133,437,51,109,146,83,20,4,3,34,32,73,13,4,.250,.308,.333,.641,6,4
457454,Jarrod Saltalamacchia,27,C,BOS,11,97,345,45,80,146,44,21,2,14,50,29,113,1,1,.233,.297,.423,.719,3,2
447816,Angel Sanchez,28,SS,HOU,10,80,264,30,67,83,54,11,1,1,18,20,45,2,1,.253,.309,.316,.625,2,1
408108,Freddy Sanchez,34,2B,SF,11,89,393,46,111,153,82,23,1,5,39,24,64,2,1,.283,.328,.389,.717,3,4
459991,Gaby Sanchez,28,1B,MIA,11,151,540,72,146,238,93,33,1,19,76,61,91,4,1,.270,.347,.440,.786,5,6
516949,Hector Sanchez,22,C,SF,7,67,194,16,49,68,36,9,0,3,18,12,35,0,0,.251,.298,.353,.651,2,1
467055,Pablo Sandoval,25,3B,SF,11,142,526,70,157,262,99,33,3,22,85,42,74,3,3,.298,.348,.498,.847,1,6
543742,Jerry Sands,24,OF,LAD,11,111,399,49,97,163,60,21,1,14,53,40,97,5,3,.243,.316,.409,.724,3,3
467793,Carlos Santana,26,C1B,CLE,11,141,500,82,126,236,67,34,1,24,84,94,115,5,2,.253,.370,.471,.841,3,7
421124,Ramon Santiago,32,2BSS,DET,11,96,301,35,78,109,60,10,2,5,28,22,51,1,1,.260,.318,.364,.682,4,2
435408,Omir Santos,31,C,DET,6,46,163,16,39,55,28,8,0,3,15,7,32,0,0,.237,.274,.337,.611,2,1
543743,Dave Sappelt,25,OF,CHC,9,53,205,25,53,75,37,12,2,2,19,13,34,5,3,.258,.308,.366,.674,2,1
400154,Dane Sardinha,33,C,FA,6,34,72,11,14,24,8,4,0,2,8,8,33,0,0,.192,.280,.328,.608,1,1
543744,Josh Satin,27,1B,NYM,8,71,190,20,46,66,33,10,1,3,18,17,52,1,1,.243,.315,.349,.663,3,1
459431,Michael Saunders,25,OF,SEA,11,82,246,27,51,78,36,8,2,5,22,24,72,6,3,.207,.281,.315,.595,1,2
457788,Jordan Schafer,25,OF,HOU,11,105,428,54,102,135,79,16,3,4,32,41,107,23,7,.238,.306,.315,.621,2,3
502582,Logan Schafer,25,OF,MIL,9,65,176,21,46,63,34,9,2,2,15,13,28,4,3,.263,.321,.359,.680,3,1
435625,Nate Schierholtz,28,OF,SF,11,126,313,42,83,130,53,21,2,7,38,22,60,6,4,.267,.318,.415,.733,3,3
520209,Konrad Schmidt,27,C,ARI,6,75,207,21,51,76,34,12,1,4,22,11,45,1,1,.245,.292,.369,.661,3,1
150411,Brian Schneider,35,C,PHI,11,47,158,16,35,50,25,6,0,3,14,17,32,0,0,.219,.297,.317,.613,1,2
435401,Skip Schumaker,32,2BOF,STL,11,123,349,42,97,123,77,17,1,3,28,29,46,2,1,.277,.333,.353,.686,2,3
432928,Luke Scott,34,OF,TB,11,98,354,49,89,162,51,19,1,18,58,43,85,1,1,.250,.333,.457,.790,2,3
340192,Marco Scutaro,36,SS,COL,11,128,498,71,141,198,102,29,1,9,53,51,54,6,3,.284,.350,.399,.749,2,4
572122,Kyle Seager,24,3B,SEA,11,108,415,51,112,159,78,27,1,6,43,32,75,8,4,.269,.325,.382,.707,3,3
451088,Justin Sellers,26,SS,LAD,7,81,259,29,58,83,41,13,1,3,23,22,46,3,1,.224,.295,.320,.615,4,1
431159,Kelly Shoppach,32,C,BOS,9,75,196,21,40,70,25,7,0,8,25,19,69,0,0,.202,.301,.360,.662,9,1
543776,J.B. Shuck,25,OF,HOU,9,77,248,30,65,81,53,8,3,1,16,27,32,7,3,.262,.338,.325,.663,2,1
429713,Grady Sizemore,29,OF,CLE,11,87,369,52,87,154,47,23,3,13,52,36,98,7,4,.234,.310,.418,.727,5,3
502003,Scott Sizemore,27,3B,OAK,11,118,428,59,106,168,69,25,1,11,52,51,116,6,3,.248,.332,.393,.725,4,2
452234,Seth Smith,29,OF,OAK,11,132,403,58,109,188,65,24,6,14,60,40,78,6,2,.270,.338,.465,.803,3,4
475253,Justin Smoak,25,1B,SEA,11,131,460,53,110,183,69,25,0,16,60,63,113,0,0,.240,.333,.399,.731,3,4
501983,Travis Snider,24,OF,TOR,11,97,356,43,89,147,53,24,1,11,48,28,97,9,4,.249,.307,.413,.719,2,2
430957,Brad Snyder,30,OF,HOU,6,56,201,25,48,79,30,11,1,6,25,14,65,4,1,.238,.293,.394,.688,2,0
474319,Brandon Snyder,25,1B,TEX,7,64,205,24,51,81,33,12,1,5,25,15,50,1,1,.250,.308,.394,.702,3,1
430965,Chris Snyder,31,C,HOU,10,59,239,29,55,90,37,8,0,9,30,37,61,0,0,.229,.332,.378,.710,2,3
519299,Eric Sogard,26,SS,OAK,8,58,177,21,45,60,34,8,1,2,15,15,24,3,2,.252,.315,.340,.655,1,1
150093,Alfonso Soriano,36,OF,CHC,11,125,459,54,112,206,63,26,1,22,73,33,109,4,1,.244,.298,.449,.746,3,2
434567,Geovany Soto,29,C,CHC,11,120,404,51,100,175,58,25,0,17,61,55,105,0,0,.247,.340,.435,.775,4,3
452655,Denard Span,28,OF,MIN,11,113,509,72,138,185,107,18,8,4,42,51,70,17,4,.271,.340,.363,.703,4,2
460621,Nate Spears,27,2BOF,BOS,6,61,197,25,46,71,30,10,2,4,21,21,41,4,1,.232,.315,.362,.677,3,0
448676,Ryan Spilborghs,32,OF,CLE,10,89,222,26,54,82,37,11,1,5,24,22,51,3,3,.245,.318,.371,.688,3,2
519317,Mike Stanton,22,OF,MIA,11,155,534,83,142,291,69,32,4,36,111,70,170,6,4,.265,.354,.544,.898,6,5
455755,Chris Stewart,30,C,SF,10,64,146,15,33,46,24,7,0,2,13,12,20,0,0,.225,.300,.317,.617,3,1
456655,Ian Stewart,27,3B,CHC,10,89,365,49,84,149,51,15,2,15,51,42,111,6,3,.230,.312,.409,.721,3,3
453211,Drew Stubbs,27,OF,CIN,11,153,556,79,137,219,95,21,4,17,67,57,176,33,8,.247,.320,.393,.713,5,3
450300,Drew Sutton,29,3B,ATL,8,61,150,20,36,55,23,10,1,3,16,17,42,1,1,.242,.325,.368,.694,2,1
400085,Ichiro Suzuki,38,OF,SEA,11,143,631,79,183,229,152,22,3,6,51,38,72,33,7,.291,.332,.362,.694,2,2
435559,Kurt Suzuki,28,C,OAK,11,136,473,57,121,190,81,26,1,14,58,34,59,3,2,.256,.314,.401,.714,8,6
435220,Ryan Sweeney,27,OF,BOS,10,91,335,43,94,125,71,18,3,3,30,27,46,3,2,.279,.332,.372,.704,1,3
430897,Nick Swisher,31,OF,NYY,11,145,513,80,134,238,79,30,1,24,83,82,126,1,2,.261,.364,.465,.829,4,5
467798,Jose Tabata,23,OF,PIT,10,115,486,71,137,186,102,26,3,6,46,44,74,24,9,.282,.344,.383,.727,4,3
461874,Craig Tatum,29,C,ARI,9,50,138,13,30,41,23,6,0,1,10,12,33,1,0,.220,.285,.296,.581,1,1
446345,Michael Taylor,26,OF,OAK,10,87,226,27,53,79,39,7,1,6,23,20,52,4,2,.233,.298,.351,.650,1,1
460003,Taylor Teagarden,28,C,BAL,11,46,151,17,31,54,20,6,1,5,18,13,60,0,0,.207,.275,.357,.632,2,1
433597,Mark Teahen,30,3B,WAS,9,77,204,24,49,76,33,11,1,5,22,18,54,2,2,.243,.307,.372,.679,1,1
407893,Mark Teixeira,32,1B,NYY,11,149,569,94,150,286,83,31,1,34,106,78,110,2,1,.264,.359,.503,.862,10,6
123173,Miguel Tejada,38,3BSS,FA,6,80,276,32,72,101,53,14,0,5,28,13,33,2,2,.260,.302,.367,.669,5,3
514913,Ruben Tejada,22,2BSS,NYM,11,137,447,49,118,148,92,22,2,2,33,41,70,7,3,.264,.335,.332,.667,8,4
493574,Blake Tekotte,25,OF,SD,6,45,155,20,35,58,22,7,2,4,18,18,53,8,3,.225,.318,.375,.693,3,0
519346,Eric Thames,25,OF,TOR,11,110,413,59,108,185,63,26,5,13,59,30,101,4,2,.262,.320,.448,.767,7,3
407801,Marcus Thames,35,OF,FA,7,56,156,20,39,70,24,6,1,8,24,15,45,0,1,.248,.317,.447,.764,2,1
444135,Ryan Theriot,32,2BSS,SF,10,130,429,51,117,143,97,17,2,2,30,30,50,11,6,.273,.325,.333,.658,4,2
489365,Josh Thole,25,C,NYM,11,118,367,36,101,133,77,19,1,4,32,39,49,1,1,.275,.347,.363,.710,3,4
123272,Jim Thome,41,DH,PHI,10,80,244,34,61,115,36,11,1,14,42,35,62,0,0,.252,.347,.473,.820,1,1
445196,Matt Tolbert,30,2BSS,CHC,8,83,202,22,45,62,32,9,3,1,15,15,36,5,3,.223,.283,.310,.592,2,1
150275,Yorvit Torrealba,33,C,TEX,11,93,316,34,85,120,61,17,1,5,33,23,58,2,2,.269,.320,.381,.701,2,2
400083,Andres Torres,34,OF,NYM,11,121,415,62,99,165,57,27,5,9,50,46,113,20,6,.239,.319,.397,.716,3,1
459434,Rene Tosoni,25,OF,MIN,11,85,219,23,48,76,32,9,1,5,23,17,54,2,2,.220,.287,.348,.635,4,1
453525,J.R. Towles,28,C,MIN,7,48,132,15,28,45,16,7,0,3,15,13,30,1,0,.208,.304,.343,.648,7,2
276354,Matt Treanor,36,C,LAD,11,61,172,18,38,51,30,5,0,3,13,21,40,1,1,.219,.314,.297,.611,4,2
545361,Mike Trout,20,OF,LAA,11,109,355,56,93,147,64,16,3,10,44,31,78,17,5,.263,.329,.415,.743,4,2
444432,Mark Trumbo,26,1B,LAA,11,143,496,57,128,228,77,26,1,24,79,26,108,6,3,.258,.297,.459,.756,3,3
453064,Troy Tulowitzki,27,SS,COL,11,145,552,93,166,300,97,35,4,31,104,61,92,12,5,.301,.371,.544,.915,4,6
457759,Justin Turner,27,2B3B,NYM,11,106,341,40,91,125,66,21,1,4,32,27,44,5,2,.267,.331,.365,.696,6,1
462564,Dan Uggla,32,2B,ATL,11,153,568,87,144,267,86,25,1,32,97,69,147,2,2,.253,.337,.471,.808,5,4
425834,B.J. Upton,27,OF,TB,11,151,545,81,133,229,78,32,4,19,75,67,157,37,11,.244,.329,.421,.750,3,3
457708,Justin Upton,24,OF,ARI,11,150,565,92,160,289,92,35,5,28,99,64,140,21,8,.283,.364,.511,.875,10,5
346874,Juan Uribe,33,3B,LAD,11,111,388,43,94,151,62,19,1,12,48,27,76,2,1,.243,.297,.390,.687,4,3
400284,Chase Utley,33,2B,PHI,11,120,469,75,126,210,81,23,5,17,67,57,71,15,1,.268,.365,.447,.812,16,4
453362,Chris Valaika,26,3B,CIN,7,66,223,22,56,78,41,10,1,4,21,10,43,1,0,.249,.289,.351,.640,3,1
472528,Luis Valbuena,26,2B,TOR,9,77,248,29,59,90,40,12,1,6,26,22,56,3,2,.237,.301,.362,.664,1,1
407832,Wilson Valdez,34,2B3BSS,CIN,11,88,238,27,61,81,46,10,3,2,19,15,33,3,2,.255,.302,.341,.643,1,1
502143,Danny Valencia,27,3B,MIN,11,147,532,61,141,214,96,29,2,13,63,36,94,2,3,.264,.310,.402,.712,1,4
123660,Jason Varitek,40,C,FA,9,53,181,23,39,73,22,9,0,8,26,21,54,0,0,.215,.302,.402,.704,2,1
464299,Eugenio Velez,30,2B,STL,6,66,152,20,35,52,25,7,2,2,14,9,33,7,4,.233,.280,.345,.625,1,1
461416,Will Venable,29,OF,SD,10,121,379,53,93,157,60,15,6,12,48,36,107,22,4,.246,.316,.413,.729,5,4
493364,Dayan Viciedo,23,OF,CWS,11,110,434,53,115,180,81,20,0,15,56,28,93,3,1,.266,.315,.414,.729,4,2
425664,Shane Victorino,31,OF,PHI,11,138,550,86,151,250,95,28,13,15,74,52,69,24,5,.274,.343,.455,.798,6,1
123744,Omar Vizquel,45,3B,TOR,8,53,230,22,56,68,47,7,1,1,14,17,26,5,2,.244,.297,.298,.596,1,2
458015,Joey Votto,28,1B,CIN,11,152,570,102,175,310,105,38,2,31,107,93,124,10,5,.307,.406,.543,.949,5,4
435522,Neil Walker,26,2B,PIT,10,149,564,74,155,240,102,36,4,14,70,48,107,7,5,.275,.333,.425,.757,3,6
477165,Brett Wallace,25,1B,HOU,11,130,396,43,100,146,71,21,1,8,41,31,96,1,1,.253,.318,.368,.687,8,3
457789,Jemile Weeks,25,2B,OAK,11,122,541,68,151,212,108,30,10,4,50,36,86,26,11,.279,.326,.391,.718,4,6
430001,Rickie Weeks,29,2B,MIL,11,127,508,83,134,234,81,26,3,23,80,57,130,10,3,.263,.351,.461,.812,13,3
489413,Casper Wells,27,OF,SEA,11,104,279,34,66,117,40,14,1,11,40,21,84,3,3,.237,.304,.419,.723,6,1
150484,Vernon Wells,33,OF,LAA,11,133,486,60,122,211,76,23,3,20,71,31,74,8,4,.251,.297,.435,.733,2,3
150029,Jayson Werth,33,OF,WAS,11,146,539,82,138,240,84,29,1,24,82,77,147,16,3,.255,.353,.444,.798,8,6
434630,Eli Whiteside,32,C,SF,10,69,171,16,36,56,24,7,1,4,17,11,45,1,1,.211,.268,.329,.598,3,1
446308,Matt Wieters,26,C,BAL,11,139,491,64,131,214,86,26,1,18,69,49,97,1,0,.266,.334,.435,.769,2,4
421064,Ty Wigginton,34,1B3BOF,PHI,10,115,408,47,102,164,68,20,1,13,52,35,81,3,1,.250,.315,.403,.718,5,3
425545,Josh Willingham,33,OF,MIN,10,131,453,69,114,214,65,25,1,24,78,62,121,5,1,.253,.352,.473,.825,10,5
435064,Bobby Wilson,29,C,LAA,9,58,133,12,30,45,19,8,0,3,13,10,25,0,1,.223,.277,.339,.616,1,1
333292,Jack Wilson,34,2BSS,ATL,10,73,225,23,56,72,43,11,1,1,17,11,36,3,2,.248,.285,.322,.606,1,3
425543,Josh Wilson,31,3B,ATL,7,80,228,23,53,75,38,11,1,3,20,11,48,3,1,.234,.282,.331,.613,5,1
444125,Mike Wilson,29,OF,SEA,7,52,172,24,39,66,24,8,0,6,22,17,54,3,1,.226,.311,.384,.695,4,0
276547,Dewayne Wise,34,OF,NYY,7,62,140,18,32,54,21,6,2,3,16,6,39,6,3,.233,.279,.384,.663,3,1
457420,Brandon Wood,27,3BSS,COL,8,92,223,23,47,77,31,8,0,7,25,14,66,1,0,.209,.260,.345,.604,1,1
218595,Chris Woodward,36,DH,TOR,6,60,182,20,40,58,28,9,1,3,16,14,42,1,1,.219,.281,.318,.599,2,
519445,Danny Worth,26,2B,DET,11,65,164,19,39,57,28,8,1,2,15,13,42,4,2,.240,.300,.344,.644,2,1
431151,David Wright,29,3B,NYM,11,135,525,82,142,240,87,32,2,21,79,67,130,18,6,.271,.352,.457,.808,2,7
425903,Kevin Youkilis,33,3B,BOS,11,112,442,76,124,219,71,30,2,20,75,67,99,4,1,.280,.386,.497,.883,12,4
455759,Chris Young,28,OF,ARI,11,151,547,82,132,237,73,34,3,22,82,71,141,21,7,.241,.330,.434,.764,3,5
430321,Delmon Young,26,OF,DET,11,138,518,65,145,225,99,29,1,16,69,25,90,3,3,.280,.315,.434,.749,4,6
458913,Eric Young,27,OF,COL,11,99,254,35,64,82,51,8,3,1,17,27,49,24,5,.251,.330,.322,.651,3,1
276545,Michael Young,35,1B3B,TEX,11,144,600,83,181,266,128,34,4,15,75,46,91,5,2,.302,.349,.444,.793,1,8
475582,Ryan Zimmerman,27,3B,WAS,11,131,527,82,154,255,99,30,2,22,83,60,98,3,1,.292,.363,.484,.847,2,6
450314,Ben Zobrist,31,2BOF,TB,11,149,547,88,144,243,86,35,5,18,78,82,115,18,5,.264,.358,.445,.802,2,7
