Player,Team,T,Age,W,L,ERA,G,GS,IP,H,R,ER,HR,BB,K,WP,G/GF,HBP,ERA_PLUS
Craig Kimbrel,ATL,R,24,6,2,2.21,73,0,73.3,46,19,18,5,39,116,6,44,2,177
Sergio Romo,SF,R,29,4,1,2.20,62,0,49.0,36,13,12,4,11,62,1,41,1,177
Kenley Jansen,LAD,R,24,4,1,2.29,57,0,63.0,39,17,16,5,31,98,2,39,2,165
Jonathan Papelbon,PHI,R,31,5,2,2.54,61,0,63.7,48,19,18,5,19,84,2,39,3,156
Rafael Betancourt,COL,R,37,3,1,2.94,60,0,52.0,43,18,17,6,11,62,2,33,0,152
Josh Johnson,FLO,R,28,8,3,2.66,20,20,128.7,108,41,38,7,35,123,4,55,3,151
Clayton Kershaw,LAD,L,24,18,8,2.54,34,34,226.3,178,68,64,16,64,240,5,48,5,148
Sean Marshall,CIN,L,29,8,3,2.74,76,0,72.3,60,24,22,5,21,80,0,65,2,147
David Robertson,NYA,R,27,4,2,3.06,69,0,64.7,50,24,22,5,34,87,6,51,2,146
Daniel Bard,BOS,R,27,6,2,3.03,72,0,71.3,56,26,24,6,27,75,2,59,2,145
Andrew Bailey,BOS,R,28,4,1,3.04,52,0,53.3,45,19,18,4,16,53,1,44,0,145
Justin Verlander,DET,R,29,19,8,2.96,32,32,225.3,185,79,74,19,59,231,8,44,4,144
Mariano Rivera,NYA,R,42,3,1,3.12,53,0,49.0,44,18,17,4,10,43,1,58,3,143
Rafael Soriano,NYA,R,32,4,2,3.14,67,0,63.0,50,24,22,6,21,74,0,37,1,142
Jonny Venters,ATL,L,27,6,2,2.77,83,0,84.3,64,28,26,5,41,94,4,76,6,141
Cliff Lee,PHI,L,33,16,7,2.83,29,29,210.0,187,71,66,17,34,200,2,50,4,140
Roy Halladay,PHI,R,35,17,7,2.83,28,28,209.7,194,71,66,16,32,186,3,60,4,140
Takashi Saito,ARI,R,42,3,2,3.00,37,0,33.0,28,12,11,3,10,33,2,48,1,140
Mike Adams,TEX,R,33,4,2,3.23,61,0,55.7,47,21,20,6,15,52,0,47,0,140
Tyler Clippard,WAS,R,27,7,3,2.85,72,0,88.3,64,30,28,9,35,107,1,30,1,139
Stephen Strasburg,WAS,R,23,6,3,2.85,14,14,75.7,64,26,24,5,23,78,3,54,1,139
Zack Greinke,MIL,R,28,16,7,2.98,31,31,199.0,170,71,66,17,49,224,7,54,5,136
Koji Uehara,TEX,R,37,2,1,3.35,45,0,43.0,36,17,16,6,8,49,0,32,0,135
J.J. Putz,ARI,R,35,4,2,3.13,50,1,46.0,38,17,16,4,14,49,2,51,1,134
Matt Thornton,CHA,L,35,5,3,3.21,57,0,56.0,48,21,20,5,19,65,2,52,1,134
Ryan Madson,CIN,R,31,5,2,3.00,62,0,60.0,52,21,20,5,17,63,1,56,2,134
Eric O'Flaherty,ATL,L,27,3,2,2.93,73,0,61.3,54,21,20,4,20,54,2,63,3,134
Tim Lincecum,SF,R,28,16,9,2.92,32,32,212.7,177,74,69,15,75,225,9,56,6,133
Heath Bell,FLO,R,34,5,2,3.02,61,0,59.7,50,21,20,4,23,62,5,50,0,133
John Axford,MIL,R,29,6,3,3.07,62,0,67.3,54,25,23,5,33,77,6,52,1,132
Felix Hernandez,SEA,R,26,16,10,3.00,33,33,237.3,206,85,79,18,67,226,14,60,7,131
Buzz Oliver,TOR,L,41,4,2,3.33,53,0,46.0,42,18,17,4,12,44,0,50,1,131
Sergio Santos,TOR,R,28,5,2,3.34,60,0,59.3,49,24,22,6,25,72,6,48,3,131
Neftali Feliz,TEX,R,24,14,7,3.49,28,28,170.3,154,71,66,14,64,144,6,38,4,130
Brian Wilson,SF,R,30,5,3,3.02,61,0,62.7,52,22,21,4,28,69,2,55,1,129
Jered Weaver,LAA,R,29,16,8,3.16,32,32,216.7,188,81,76,21,54,196,6,38,2,128
Matt Cain,SF,R,27,14,8,3.04,32,32,213.0,183,77,72,16,62,171,6,45,6,128
Joaquin Benoit,DET,R,34,4,2,3.33,60,0,54.0,46,21,20,6,16,58,2,42,1,128
Carlos Marmol,CHN,R,29,4,2,3.19,74,0,73.3,51,28,26,5,49,101,4,40,9,128
Jon Lester,BOS,L,28,16,8,3.46,30,30,187.3,163,77,72,18,74,186,5,61,10,127
Drew Storen,WAS,R,24,5,3,3.14,70,0,71.7,61,27,25,6,22,70,2,51,2,126
Antonio Bastardo,PHI,L,26,4,2,3.17,58,0,48.3,37,18,17,5,21,59,3,31,1,126
CC Sabathia,NYA,L,31,17,8,3.55,31,31,218.0,211,92,86,19,63,189,4,55,7,126
Matt Belisle,COL,R,32,7,4,3.58,67,0,73.0,73,31,29,7,16,59,2,57,3,125
Casey Janssen,TOR,R,30,4,2,3.48,57,0,62.0,57,26,24,6,18,58,2,59,3,125
Francisco Rodriguez,MIL,R,30,5,2,3.23,64,0,64.0,53,25,23,6,27,72,3,49,2,125
Yu Darvish,TEX,R,25,13,7,3.62,26,26,194.0,196,83,78,18,46,169,7,55,8,125
Joakim Soria,KC,R,28,4,2,3.32,58,0,59.7,53,24,22,6,17,64,2,50,2,125
Frank Francisco,NYN,R,32,4,2,3.10,52,0,49.3,41,18,17,5,17,57,2,39,1,124
Kyle Farnsworth,TB,R,36,3,2,3.26,52,0,49.7,43,19,18,5,14,47,2,52,3,124
Huston Street,SD,R,28,4,2,2.93,61,0,58.3,49,20,19,6,14,64,0,43,1,124
Vinnie Pestano,CLE,R,27,3,2,3.38,58,0,53.3,46,21,20,5,22,59,1,49,3,124
Joe Thatcher,SD,L,30,1,1,2.94,47,0,33.7,27,12,11,2,14,39,1,49,1,123
Ian Kennedy,ARI,R,27,11,7,3.42,26,26,163.3,146,66,62,17,49,143,10,45,8,123
Daniel Hudson,ARI,R,25,16,10,3.42,32,31,192.0,178,78,73,17,52,163,5,47,8,123
Mark Melancon,BOS,R,27,5,3,3.59,52,0,57.7,54,25,23,5,20,48,3,59,3,123
Tommy Hanson,ATL,R,25,13,7,3.20,29,29,171.3,146,65,61,16,54,170,5,47,8,122
Ernesto Frieri,SD,R,26,3,2,2.97,64,0,66.7,50,24,22,5,36,82,2,32,6,122
David Hernandez,ARI,R,27,4,3,3.44,68,0,65.3,54,27,25,6,30,72,8,32,3,122
Joel Hanrahan,PIT,R,30,3,2,3.17,67,0,65.3,57,25,23,4,22,71,7,48,2,122
Alexi Ogando,TEX,R,28,12,7,3.72,27,26,150.0,139,66,62,14,50,121,4,46,5,122
Clay Buchholz,BOS,R,27,10,5,3.63,20,20,116.7,109,50,47,11,45,83,5,59,3,122
Jhoulys Chacin,COL,R,24,14,8,3.70,30,30,177.3,159,78,73,16,82,152,5,65,6,121
Brad Ziegler,ARI,R,32,4,2,3.47,63,0,59.7,57,25,23,4,22,46,0,72,2,121
Adam Wainwright,STL,R,30,14,8,3.12,25,25,173.3,160,64,60,13,48,155,3,61,3,121
Jason Motte,STL,R,30,4,2,3.12,67,0,57.7,49,21,20,5,18,56,1,48,3,120
Cole Hamels,PHI,L,28,14,8,3.30,31,31,199.0,177,78,73,22,47,187,2,55,6,120
C.J. Wilson,LAA,L,31,14,8,3.37,32,32,200.3,179,80,75,14,76,178,6,58,9,120
Jose Valverde,DET,R,34,3,2,3.55,61,0,58.3,49,25,23,5,29,56,3,51,3,120
Rex Brothers,COL,L,24,4,3,3.74,68,0,65.0,54,29,27,6,39,79,8,55,2,120
Joel Peralta,TB,R,36,3,2,3.39,58,0,58.3,51,24,22,6,18,51,2,36,2,119
Joe Nathan,TEX,R,37,2,1,3.80,52,0,47.3,42,21,20,7,16,50,3,44,2,119
Mat Latos,CIN,R,24,15,9,3.38,32,32,191.7,168,77,72,19,56,189,5,48,1,119
Jonathan Broxton,KC,R,28,4,3,3.50,44,0,43.7,38,18,17,4,20,50,1,56,1,118
Ubaldo Jimenez,CLE,R,28,15,9,3.52,31,31,196.7,175,82,77,14,80,188,10,58,9,118
Brandon Beachy,ATL,R,25,8,5,3.32,26,26,152.0,133,60,56,15,48,166,9,44,6,118
Darren O'Day,BAL,R,29,2,2,3.61,52,0,47.3,43,20,19,6,13,45,0,47,4,118
Addison Reed,CHA,R,23,4,3,3.67,58,0,76.0,67,33,31,8,28,81,7,54,5,117
Yoshinori Tateyama,TEX,R,36,2,1,3.86,47,0,56.0,53,26,24,7,15,52,3,44,3,117
Alfredo Aceves,BOS,R,29,6,3,3.76,40,5,79.0,75,35,33,7,31,52,1,43,9,117
Yovani Gallardo,MIL,R,26,16,9,3.46,32,32,195.3,173,80,75,20,70,206,10,53,3,117
Ricky Romero,TOR,L,27,15,9,3.72,31,31,210.3,190,93,87,23,79,171,12,66,11,117
Fernando Salas,STL,R,27,4,3,3.21,59,0,61.7,52,24,22,6,21,60,3,42,2,117
David Price,TB,L,26,15,9,3.47,32,32,200.0,175,82,77,20,68,184,3,50,7,117
Luke Gregerson,SD,R,28,4,3,3.12,69,0,66.3,57,25,23,5,23,64,2,57,2,116
Bill Bray,CIN,L,29,3,2,3.46,64,0,41.7,35,17,16,4,16,42,1,35,1,116
Eduardo Sanchez,STL,R,23,3,2,3.24,39,0,41.7,33,16,15,3,22,43,10,46,3,116
Josh Beckett,BOS,R,32,10,6,3.80,25,25,154.0,144,70,65,19,47,133,4,51,8,116
Matt Garza,CHN,R,28,12,9,3.52,31,30,194.3,176,81,76,19,64,181,7,47,6,116
Shaun Marcum,MIL,R,30,10,6,3.51,25,25,151.3,137,63,59,16,41,129,4,45,2,115
Santiago Casilla,SF,R,32,3,2,3.40,51,1,53.0,45,21,20,4,26,48,7,57,3,115
Joba Chamberlain,NYA,R,26,3,2,3.88,46,0,46.3,43,21,20,5,14,45,3,55,1,115
Jordan Walden,LAA,R,24,4,3,3.54,61,0,61.0,55,26,24,5,26,66,7,59,2,115
Boone Logan,NYA,L,27,4,2,3.91,62,0,48.3,46,22,21,5,17,48,1,50,3,114
Matt Harrison,TEX,L,26,12,8,3.97,26,26,156.3,159,74,69,14,52,103,6,56,1,114
Scott Downs,LAA,L,36,5,3,3.56,55,0,48.0,46,20,19,4,14,36,1,68,1,114
Matt Reynolds,COL,L,27,3,2,3.94,68,0,59.3,56,28,26,8,21,56,5,49,2,114
Joey Devine,OAK,R,28,4,3,3.57,50,0,45.3,39,19,18,3,20,45,4,35,3,114
Hisanori Takahashi,LAA,L,36,4,3,3.57,64,0,75.7,69,32,30,8,26,73,1,46,0,113
Randy Choate,FLO,L,36,2,1,3.55,63,0,33.0,28,14,13,3,15,34,1,72,2,113
Madison Bumgarner,SF,L,22,13,10,3.45,32,32,198.3,197,81,76,15,48,164,0,51,6,113
Louis Coleman,KC,R,26,4,3,3.67,42,0,61.3,54,27,25,7,25,61,5,44,3,113
Dan Haren,LAA,R,31,14,9,3.59,32,32,215.7,209,92,86,24,38,177,9,50,4,113
Grant Balfour,OAK,R,34,3,2,3.60,59,0,55.0,48,24,22,6,21,54,1,39,0,113
Craig Breslow,ARI,L,31,4,3,3.73,68,0,62.7,57,28,26,7,23,55,2,38,2,113
Justin Masterson,CLE,R,27,12,9,3.71,33,31,204.0,205,90,84,13,65,153,7,63,11,112
Jeremy Hellickson,TB,R,25,11,8,3.60,27,26,155.0,139,66,62,16,58,115,5,44,5,112
Jason Frasor,TOR,R,34,4,3,3.88,60,0,55.7,52,26,24,6,22,53,3,49,3,112
Henry Rodriguez,WAS,R,25,3,2,3.53,57,0,63.7,52,27,25,4,40,73,14,52,2,112
Kameron Loe,MIL,R,30,6,4,3.61,70,0,72.3,69,31,29,7,22,57,6,68,3,112
Edward Mujica,FLO,R,28,6,4,3.58,63,0,75.3,70,32,30,10,15,68,1,51,1,112
Bobby Jenks,BOS,R,31,2,1,3.94,33,0,32.0,31,15,14,2,14,32,3,63,0,112
Gio Gonzalez,WAS,L,26,14,10,3.55,33,32,195.3,173,82,77,18,83,190,6,54,6,112
Brandon Gomes,TB,R,27,3,2,3.62,59,0,64.7,58,28,26,6,28,61,7,43,3,112
Nick Masset,CIN,R,30,5,3,3.60,74,0,70.0,63,30,28,6,29,68,5,57,1,111
Kerry Wood,CHN,R,35,4,3,3.66,49,0,46.7,39,20,19,5,22,52,5,42,4,111
Al Alburquerque,DET,R,26,4,3,3.83,42,0,47.0,40,21,20,4,29,53,5,51,3,111
Greg Holland,KC,R,26,4,3,3.73,50,0,70.0,62,31,29,6,33,70,8,52,3,111
Zach Braddock,MIL,L,24,1,1,3.65,42,0,37.0,29,16,15,3,22,44,4,35,2,111
Jose Ceda,FLO,R,25,3,2,3.62,50,0,54.7,46,24,22,5,28,61,5,43,3,111
Jorge de la Rosa,COL,L,31,8,6,4.05,19,19,113.3,106,55,51,13,48,104,9,56,5,111
Jeremy Affeldt,SF,L,33,3,2,3.52,60,0,53.7,48,22,21,5,23,47,4,71,3,111
Scott Atchison,BOS,R,36,4,3,3.99,46,1,70.0,72,33,31,7,18,49,6,51,3,111
Octavio Dotel,DET,R,38,4,3,3.86,58,0,49.0,42,22,21,6,19,51,3,33,2,110
Johnny Cueto,CIN,R,26,10,7,3.63,29,29,173.3,167,75,70,15,56,123,6,56,10,110
Brad Brach,SD,R,26,5,4,3.29,69,0,68.3,60,27,25,6,21,70,7,41,4,110
George Sherrill,SEA,L,35,2,1,3.57,54,0,40.3,37,17,16,4,17,40,1,48,1,110
Ramon Ramirez,NYN,R,30,4,2,3.50,65,0,64.3,56,27,25,5,28,58,5,51,2,110
Jesse Crain,CHA,R,30,5,4,3.92,65,0,62.0,55,29,27,7,31,63,2,44,2,110
Chris Perez,CLE,R,26,4,3,3.79,66,0,61.7,53,28,26,6,28,56,4,40,4,110
Mark Lowe,TEX,R,29,4,3,4.13,49,0,48.0,47,24,22,6,19,43,3,51,0,110
Anibal Sanchez,FLO,R,28,11,8,3.67,29,29,174.3,164,76,71,15,63,159,4,52,5,110
Francisco Cordero,TOR,R,37,5,3,3.99,61,0,58.7,57,28,26,6,23,41,3,52,2,109
Jim Johnson,BAL,R,29,4,4,3.90,54,0,64.7,66,30,28,6,17,44,3,67,2,109
Chris Sale,CHA,L,23,10,8,3.95,26,26,152.7,132,72,67,18,75,163,4,61,3,109
Justin De Fratus,PHI,R,24,4,3,3.64,55,0,71.7,65,31,29,7,29,70,8,63,4,109
Brandon Kintzler,MIL,R,27,2,1,3.71,23,0,26.7,25,12,11,3,7,23,1,54,1,109
Brandon League,SEA,R,29,5,4,3.61,65,0,67.3,63,29,27,6,18,55,6,70,3,109
Tim Hudson,ATL,R,36,11,8,3.60,26,26,162.7,156,70,65,14,47,107,6,68,9,109
Joe Paterson,ARI,L,26,4,3,3.86,60,0,51.3,49,24,22,4,24,42,3,52,4,109
Mark Buehrle,FLO,L,33,11,9,3.69,27,27,178.0,186,78,73,17,40,100,2,53,2,109
Matt Moore,TB,L,23,10,7,3.72,29,27,145.0,126,64,60,14,69,150,12,49,8,109
Derek Holland,TEX,L,25,11,8,4.16,28,28,173.0,173,86,80,20,62,141,2,51,6,109
Cristhian Martinez,ATL,R,30,3,2,3.61,49,0,72.3,69,31,29,7,17,57,3,56,3,109
Jordan Zimmermann,WAS,R,26,7,5,3.65,22,22,120.7,116,52,49,12,29,100,2,49,5,109
Colby Lewis,TEX,R,32,13,9,4.17,30,30,183.7,177,91,85,26,57,160,6,41,6,109
Rich Thompson,LAA,R,27,2,2,3.74,40,0,53.0,49,24,22,6,19,51,3,46,1,109
Johan Santana,NYN,L,33,6,4,3.56,14,14,91.0,87,39,36,9,24,69,1,42,1,108
Shawn Tolleson,LAD,R,24,5,4,3.49,58,0,67.0,59,28,26,7,24,69,6,42,3,108
Roy Oswalt,PHI,R,34,10,7,3.68,25,25,154.0,150,67,63,14,39,114,3,54,5,108
Trevor Cahill,ARI,R,24,14,11,3.90,32,32,200.7,193,93,87,21,68,143,10,65,7,108
David Aardsma,SEA,R,30,2,2,3.66,34,0,32.0,26,14,13,3,16,35,2,38,1,108
James Shields,TB,R,30,15,11,3.76,31,31,215.3,207,96,90,26,55,184,6,50,4,108
Chris Carpenter,STL,R,37,12,8,3.49,29,29,201.0,194,83,78,16,49,151,2,58,7,108
Hong-Chih Kuo,SEA,L,30,2,2,3.66,47,0,39.3,32,17,16,4,20,46,3,44,2,107
Brett Anderson,OAK,L,24,6,5,3.78,16,16,100.0,102,45,42,9,26,69,2,64,7,107
Brad Lidge,WAS,R,35,1,1,3.69,37,0,31.7,29,14,13,3,15,31,4,51,1,107
Javier Vazquez,FLO,R,35,11,9,3.75,27,26,161.0,148,72,67,19,47,147,5,43,3,107
Heath Hembree,SF,R,23,1,1,3.63,57,0,52.0,43,22,21,4,32,58,4,36,3,107
Scott Baker,MIN,R,30,10,8,3.91,27,26,158.7,157,74,69,19,39,136,5,41,5,107
Doug Fister,DET,R,28,12,9,3.98,31,28,183.3,196,87,81,16,32,105,5,53,9,107
Josh Spence,SD,L,24,3,3,3.39,76,0,71.7,56,29,27,7,36,71,0,42,4,107
Jeremy Guthrie,COL,R,33,12,9,4.20,28,28,178.0,178,89,83,22,44,102,1,47,14,107
Josh Lueke,TB,R,27,4,3,3.79,43,0,54.7,52,25,23,4,19,44,6,52,2,107
Juan Oviedo,FLO,R,28,4,3,3.76,69,0,64.7,59,29,27,8,23,60,1,48,1,107
Jason Grilli,PIT,R,35,3,3,3.61,50,0,52.3,47,22,21,5,22,55,3,51,4,107
Brandon McCarthy,OAK,R,28,8,6,3.81,22,21,130.0,130,59,55,13,28,90,1,49,2,107
Josh Lindblom,LAD,R,25,3,2,3.54,60,0,68.7,62,29,27,6,25,62,6,46,5,107
Kelvin Herrera,KC,R,22,5,4,3.90,49,0,67.0,62,31,29,9,19,54,0,70,5,106
Wilton Lopez,HOU,R,28,4,3,3.67,71,0,68.7,68,30,28,7,15,53,1,63,2,106
Tsuyoshi Wada,BAL,L,31,10,8,4.01,22,22,139.0,135,66,62,21,39,118,4,37,5,106
Michael Pineda,NYA,R,23,11,7,4.11,28,28,157.7,149,77,72,19,51,143,7,45,6,106
Brandon Morrow,TOR,R,27,11,9,4.12,32,29,166.0,154,81,76,18,71,176,13,43,10,106
Javy Guerra,LAD,R,26,3,2,3.57,64,0,63.0,57,27,25,6,24,53,6,48,4,106
Todd Coffey,LAD,R,31,3,3,3.57,68,0,63.0,59,27,25,6,21,51,2,57,2,106
Gavin Floyd,CHA,R,29,12,11,4.08,30,29,185.3,182,90,84,20,50,149,10,55,7,106
Evan Meek,PIT,R,29,2,2,3.65,48,0,49.3,45,21,20,4,23,43,3,62,1,106
Joe Smith,CLE,R,28,3,2,3.95,66,0,57.0,53,27,25,4,26,43,2,67,2,106
Michael Schwimer,PHI,R,26,6,5,3.76,55,0,69.3,63,31,29,7,29,71,4,46,4,106
Javier Lopez,SF,L,34,3,3,3.70,62,0,48.7,46,21,20,3,22,33,1,66,3,105
Scott Elbert,LAD,L,26,2,2,3.59,53,0,47.7,40,20,19,4,25,51,4,47,3,105
Jaime Garcia,STL,L,25,12,8,3.58,31,31,183.7,179,78,73,14,55,148,9,64,2,105
Mark DiFelice,MIL,R,35,2,1,3.86,32,0,35.0,33,16,15,4,11,32,1,31,1,105
Jose Veras,MIL,R,31,4,3,3.86,65,0,63.0,52,29,27,7,34,69,4,43,4,105
Edwin Jackson,WAS,R,28,11,9,3.79,31,30,199.7,199,90,84,18,58,151,11,54,4,105
Sean Burnett,WAS,L,29,5,4,3.79,70,0,57.0,53,26,24,5,22,44,2,62,2,105
Bradley Boxberger,SD,R,24,3,3,3.47,58,0,59.7,46,25,23,5,34,74,4,51,4,105
Dallas Braden,OAK,L,28,7,6,3.88,16,16,97.3,98,45,42,9,25,61,1,45,2,105
Max Scherzer,DET,R,27,12,10,4.07,31,31,185.7,182,90,84,23,61,172,9,48,7,105
Burke Badenhop,TB,R,29,3,3,3.88,56,0,72.0,73,33,31,5,26,49,3,64,4,104
Erik Hamren,SD,R,25,3,3,3.49,65,0,77.3,68,32,30,7,31,71,7,67,6,104
Jonathan Albaladejo,ARI,R,29,3,3,4.04,45,0,49.0,47,24,22,6,19,41,3,63,4,104
Brian Fuentes,OAK,L,36,4,3,3.91,55,0,48.3,45,22,21,5,19,40,2,37,3,104
Ryan Perry,WAS,R,25,3,2,3.82,60,0,70.7,66,32,30,6,31,58,5,47,3,104
Marc Rzepczynski,STL,L,26,4,3,3.62,67,0,64.7,57,28,26,5,32,64,5,69,4,104
Phil Coke,DET,L,29,6,5,4.10,59,7,83.3,85,41,38,6,32,60,4,48,3,104
Danny Herrera,NYN,L,27,4,3,3.72,66,0,65.3,66,29,27,5,19,47,3,59,3,104
Aroldis Chapman,CIN,L,24,6,5,3.87,57,7,76.7,60,35,33,8,54,98,12,55,3,104
Erik Bedard,PIT,L,33,4,4,3.72,15,15,77.3,72,34,32,7,28,70,3,49,1,104
Pedro Feliciano,NYA,L,35,2,1,4.30,33,0,23.0,24,12,11,2,10,18,0,67,2,104
Peter Moylan,ATL,R,33,3,3,3.79,52,0,40.3,37,18,17,3,21,36,2,77,1,103
Matt Guerrier,LAD,R,33,4,3,3.66,69,0,64.0,58,28,26,6,21,47,3,49,2,103
Vance Worley,PHI,R,24,11,9,3.85,32,29,168.3,164,77,72,17,57,137,3,48,6,103
Jose Contreras,PHI,R,40,2,2,3.86,32,0,28.0,27,13,12,3,10,24,0,58,2,103
Phillippe Aumont,PHI,R,23,4,3,3.86,46,0,53.7,48,25,23,5,28,55,8,55,3,103
Tim Dillard,MIL,R,28,4,3,3.93,46,0,68.7,67,32,30,7,23,53,3,57,5,103
Jair Jurrjens,ATL,R,26,11,8,3.81,25,25,156.0,153,71,66,15,51,105,3,50,3,103
Dan Wheeler,CLE,R,34,3,2,4.05,54,0,46.7,45,22,21,7,12,40,2,39,0,103
Matt Albers,BOS,R,29,5,3,4.28,58,0,69.3,68,35,33,7,32,59,2,59,4,103
Glen Perkins,MIN,L,29,4,3,4.08,67,0,64.0,65,31,29,6,23,53,2,51,2,103
Steven Ames,LAD,R,24,2,2,3.67,45,0,49.0,45,21,20,5,16,50,4,57,3,103
Bobby Parnell,NYN,R,27,4,3,3.75,67,0,72.0,67,32,30,6,30,70,5,60,2,103
Dan Runzler,SF,L,27,3,3,3.80,50,6,64.0,56,29,27,4,38,63,4,57,3,103
Jairo Asencio,ATL,R,28,4,3,3.82,56,0,66.0,62,30,28,6,27,63,4,50,3,103
Ryan Webb,FLO,R,26,4,4,3.92,62,0,66.7,68,31,29,5,25,47,2,64,2,103
Steven Cishek,FLO,R,26,4,3,3.92,53,0,66.7,62,31,29,4,34,55,9,55,4,103
Kris Medlen,ATL,R,26,5,4,3.83,29,9,82.3,80,37,35,8,26,67,1,52,3,102
John Danks,CHA,L,27,12,11,4.21,30,30,188.0,187,94,88,23,58,145,4,51,6,102
Tim Collins,KC,L,22,4,3,4.05,65,0,66.7,57,32,30,6,42,67,3,49,2,102
R.A. Dickey,NYN,R,37,11,8,3.77,28,27,179.0,179,80,75,17,45,114,10,59,6,102
Mike Gonzalez,TEX,L,34,3,2,4.44,51,0,46.7,45,25,23,7,20,45,4,46,2,102
Vicente Padilla,BOS,R,34,4,3,4.33,17,13,68.7,69,35,33,8,22,48,1,53,4,102
Julio Teheran,ATL,R,21,11,9,3.85,28,27,152.0,146,70,65,13,58,121,6,46,8,102
Alex Cobb,TB,R,24,7,5,3.98,23,23,122.0,125,58,54,10,42,91,5,57,5,102
Michael Dunn,FLO,L,27,4,4,3.96,61,0,63.7,52,30,28,6,44,73,4,47,3,101
J.P. Howell,TB,L,29,4,4,3.99,58,0,47.3,42,22,21,5,23,47,3,59,2,101
Eric Surkamp,SF,L,24,7,7,3.85,26,25,142.7,137,65,61,11,59,116,7,48,8,101
Chris Resop,PIT,R,29,3,3,3.81,55,0,52.0,47,24,22,5,23,57,2,45,2,101
Cory Luebke,SD,L,27,9,8,3.59,24,24,143.0,127,61,57,14,49,130,5,54,5,101
Erick Threets,OAK,L,30,1,1,4.01,24,0,24.7,25,12,11,2,11,14,1,52,1,101
Ted Lilly,LAD,L,36,11,10,3.73,27,27,166.3,152,74,69,24,40,137,2,38,5,101
Josh Collmenter,ARI,R,26,10,9,4.15,28,25,143.0,142,71,66,16,49,100,7,45,7,101
Tom Milone,OAK,L,25,10,9,4.02,28,28,159.0,173,76,71,13,33,114,7,44,9,101
Dan Otero,SF,R,27,3,3,3.86,41,0,49.0,50,22,21,4,12,36,3,57,3,101
Zach Putnam,COL,R,24,5,4,4.44,48,3,75.0,81,40,37,7,24,54,6,53,5,101
Michael Fiers,MIL,R,27,7,5,4.01,27,14,94.3,88,45,42,12,36,84,4,51,5,101
Mike McClendon,MIL,R,27,6,5,4.01,45,1,76.3,80,36,34,6,24,49,5,55,4,101
Chad Billingsley,LAD,R,27,12,10,3.74,32,31,190.0,177,85,79,14,77,165,7,55,8,101
Daisuke Matsuzaka,BOS,R,31,5,4,4.37,14,14,80.3,75,42,39,8,40,66,2,37,4,101
Tony Sipp,CLE,L,28,3,3,4.14,66,0,58.7,51,29,27,8,29,62,4,37,1,101
Hiroki Kuroda,NYA,R,37,12,9,4.33,26,26,156.0,168,80,75,22,40,111,9,56,4,101
Jake McGee,TB,L,25,6,5,4.03,63,0,60.3,57,29,27,7,24,54,6,49,4,101
Shawn Camp,SEA,R,36,3,4,3.92,59,0,64.3,66,30,28,5,22,39,1,65,4,100
Marco Estrada,MIL,R,28,5,4,4.03,30,11,87.0,83,42,39,10,28,73,4,46,3,100
Andrew Cashner,SD,R,25,4,3,3.62,31,11,64.7,57,28,26,4,32,53,2,54,4,100
Ivan Nova,NYA,R,25,13,10,4.44,31,30,178.3,189,94,88,20,60,111,18,60,7,100
Jake Peavy,CHA,R,31,8,7,4.30,21,20,119.3,121,61,57,14,31,102,4,46,4,100
Wandy Rodriguez,HOU,L,33,11,10,3.89,29,29,180.3,174,83,78,21,61,156,5,55,6,100
Fautino De Los Santos,OAK,R,26,3,3,4.06,52,0,57.7,53,28,26,6,29,60,11,54,2,100
Randy Wolf,MIL,L,35,11,8,4.04,28,28,178.0,175,86,80,22,61,120,3,47,9,100
Cody Eppley,TEX,R,26,4,3,4.52,51,0,65.7,68,35,33,7,31,49,8,68,4,100
Cory Burns,SD,R,24,3,3,3.63,58,0,57.0,53,25,23,5,22,52,7,53,3,100
Daniel Schlereth,DET,L,26,3,2,4.26,54,0,57.0,51,29,27,5,38,53,7,51,5,100
Bryan Shaw,ARI,R,24,3,3,4.21,63,0,66.3,66,33,31,7,27,49,5,64,5,100
Travis Wood,CHN,L,25,9,9,4.09,31,29,165.0,166,80,75,16,59,124,4,43,7,100
Fernando Rodriguez,HOU,R,28,5,5,3.93,62,0,75.7,66,35,33,9,41,88,8,43,4,99
Hisashi Iwakuma,SEA,R,31,9,10,3.96,20,20,138.7,143,65,61,17,29,108,7,52,8,99
Bud Norris,HOU,R,27,8,8,3.93,30,30,181.0,170,85,79,22,67,173,3,47,5,99
Bobby Korecky,DET,R,32,3,3,4.29,39,0,42.0,43,21,20,4,15,28,3,51,2,99
Justin Germano,BOS,R,29,3,3,4.44,31,6,71.0,78,37,35,8,18,42,1,55,6,99
Mitchell Boggs,STL,R,28,3,2,3.79,57,0,71.3,68,32,30,6,26,57,6,58,3,99
Drew Pomeranz,COL,L,23,6,5,4.53,26,26,115.3,115,62,58,11,59,92,11,31,6,99
Clay Rapada,NYA,L,31,2,2,4.40,53,0,43.0,43,22,21,4,19,35,1,48,2,99
Jeff Samardzija,CHN,R,27,5,5,4.12,71,0,78.7,71,39,36,8,46,68,6,49,5,99
Francisco Liriano,MIN,L,28,10,10,4.24,27,25,148.7,143,75,70,14,66,137,8,57,7,99
Andrew Carignan,OAK,R,25,2,2,4.12,38,0,39.3,38,19,18,4,18,35,5,49,3,99
Chris Hatcher,FLO,R,27,1,1,4.08,35,0,35.3,33,17,16,4,17,33,9,44,2,99
Josh Wilkie,WAS,R,27,5,4,4.04,53,0,64.7,66,31,29,5,23,49,2,55,3,98
Jeff Niemann,TB,R,29,10,9,4.12,27,27,157.3,154,77,72,19,49,116,7,51,6,98
Nick Hagadone,CLE,L,26,6,5,4.24,56,0,76.3,73,39,36,8,33,63,4,48,4,98
Jeff Fulchino,WAS,R,32,3,3,4.04,53,0,55.7,53,27,25,6,23,49,2,50,2,98
Shawn Kelley,SEA,R,28,2,2,4.01,30,0,33.7,32,16,15,4,12,31,1,34,2,98
Jeremy Horst,PHI,L,26,3,3,4.05,47,0,66.7,67,32,30,6,24,49,3,48,3,98
Jon Rauch,NYN,R,33,4,3,3.93,57,0,55.0,54,26,24,6,16,43,3,41,1,98
Brian Gordon,NYA,R,33,3,2,4.55,23,7,63.3,69,34,32,8,16,45,3,46,4,98
Joel Zumaya,MIN,R,27,1,1,4.28,23,0,27.3,27,14,13,3,12,24,1,43,0,98
Kameron Mickolio,ARI,R,28,4,4,4.29,47,0,56.7,55,29,27,6,26,56,4,52,2,98
Franklin Morales,BOS,L,26,2,2,4.50,57,0,54.0,51,29,27,7,30,47,4,42,3,98
Tanner Scheppers,TEX,R,25,2,2,4.62,39,0,48.7,51,27,25,5,23,38,5,50,2,98
Jerry Blevins,OAK,L,28,2,2,4.15,59,0,60.7,60,30,28,7,22,53,1,42,2,98
Blake Wood,KC,R,26,4,4,4.24,59,0,70.0,69,35,33,6,30,54,2,60,3,98
Rafael Perez,CLE,L,30,3,3,4.27,69,0,59.0,63,30,28,5,22,33,4,69,0,98
Michael Bowden,BOS,R,25,4,3,4.52,60,0,69.7,70,37,35,9,30,54,4,43,3,97
Liam Hendriks,MIN,R,23,9,9,4.31,26,25,137.7,155,71,66,11,31,81,4,57,7,97
Jose Ascanio,LAD,R,27,2,2,3.88,28,7,46.3,47,21,20,4,16,40,4,46,2,97
Paul Maholm,CHN,L,30,9,9,4.20,26,26,163.0,170,81,76,14,52,102,4,60,7,97
Michael Wuertz,OAK,R,33,1,1,4.18,50,3,47.3,43,24,22,5,24,51,4,51,0,97
Jose Arredondo,CIN,R,28,5,4,4.13,63,0,65.3,57,32,30,7,38,68,5,53,2,97
Logan Ondrusek,CIN,R,27,4,4,4.13,66,0,65.3,63,32,30,6,27,44,5,53,2,97
Tom Gorzelanny,WAS,L,29,7,7,4.09,30,19,116.7,113,57,53,12,47,101,3,48,4,97
Mike Minor,ATL,L,24,9,8,4.04,32,32,178.3,174,86,80,20,62,168,3,49,7,97
Ryan Mattheus,WAS,R,28,2,2,4.09,34,0,33.0,31,16,15,3,16,24,1,55,2,97
Ervin Santana,LAA,R,29,11,10,4.19,30,29,195.7,194,97,91,25,62,151,9,47,9,97
Victor Garate,MIL,L,27,2,2,4.18,46,0,51.7,45,26,24,6,33,51,3,47,3,97
Manuel Corpas,CHN,R,28,4,3,4.03,53,0,58.0,59,28,26,6,20,45,1,50,2,97
Jarrod Parker,OAK,R,23,9,9,4.20,26,26,124.3,128,62,58,9,53,94,14,59,7,97
Cory Wade,NYA,R,29,4,4,4.61,47,0,56.7,62,31,29,8,13,37,1,38,2,97
Wesley Wright,HOU,L,27,3,4,4.04,66,0,64.7,60,31,29,7,30,59,3,52,5,97
Hideki Okajima,NYA,L,36,4,3,4.50,46,0,48.0,50,26,24,6,17,36,1,40,1,97
Scott Feldman,TEX,R,29,7,7,4.68,25,18,117.3,128,65,61,14,37,68,6,57,5,97
Jensen Lewis,ARI,R,28,3,3,4.35,41,0,51.7,52,27,25,6,23,43,1,40,2,96
Brad Peacock,OAK,R,24,10,10,4.22,28,25,143.0,136,72,67,16,67,127,12,50,8,96
Guillermo Mota,SF,R,38,2,2,4.05,47,0,60.0,56,29,27,7,24,51,2,46,1,96
Clay Hensley,SF,R,32,5,6,4.05,41,9,80.0,78,39,36,8,31,57,1,55,4,96
Pedro Strop,BAL,R,27,4,5,4.43,58,0,63.0,64,33,31,5,33,55,9,56,3,96
Ryan Dempster,CHN,R,35,10,10,4.24,28,28,174.0,172,88,82,21,67,153,6,56,6,96
Ryan Cook,OAK,R,25,4,4,4.23,63,0,66.0,64,33,31,5,35,53,10,56,3,96
Justin M. Miller,TEX,R,25,5,4,4.71,44,0,57.3,57,32,30,6,32,44,9,50,4,96
Chen Wei-Yin,BAL,L,22,10,10,4.44,27,26,166.3,171,88,82,29,39,107,3,52,6,96
Bartolo Colon,OAK,R,39,6,8,4.23,20,19,112.7,117,57,53,13,32,80,1,51,3,96
Jeff Beliveau,CHN,L,25,4,4,4.25,51,0,65.7,59,33,31,9,32,68,1,42,4,96
Carlos Villanueva,TOR,R,28,4,4,4.55,47,8,89.0,92,48,45,12,31,68,4,46,4,96
Juan Nicasio,COL,R,25,8,8,4.68,23,23,132.7,149,74,69,17,36,94,7,53,7,96
Doug Slaten,PIT,L,32,2,2,4.03,44,0,38.0,39,18,17,3,13,30,2,48,2,96
Matthew West,TEX,R,23,2,1,4.73,25,0,26.7,30,15,14,3,7,17,3,63,2,96
Tim Stauffer,SD,R,30,8,8,3.79,24,24,142.3,137,64,60,14,46,100,2,60,6,96
Randy Williams,BOS,L,36,1,1,4.61,35,0,41.0,43,22,21,3,20,29,2,50,3,96
Carlos Zambrano,FLO,R,31,8,8,4.20,27,23,137.0,133,68,64,13,64,115,4,51,6,96
Robert W00t3n,MIL,R,26,3,3,4.24,58,0,57.3,56,29,27,6,26,49,4,50,4,96
Cory Gearrin,ATL,R,26,4,3,4.10,53,0,68.0,64,33,31,6,31,61,7,56,4,96
Rubby De La Rosa,LAD,R,23,6,6,3.96,22,17,104.7,96,49,46,10,51,93,8,53,4,95
Jason Bulger,MIN,R,33,1,1,4.40,42,0,43.0,39,22,21,5,25,43,2,51,2,95
Marcos Mateo,CHN,R,28,3,3,4.27,41,0,46.3,45,24,22,6,18,44,2,44,1,95
Ricky Nolasco,FLO,R,29,11,11,4.21,29,29,181.7,192,91,85,21,39,152,5,49,3,95
Luis Ayala,BAL,R,34,3,3,4.47,44,0,50.3,55,27,25,5,18,32,1,57,4,95
Arodys Vizcaino,ATL,R,21,8,8,4.11,22,22,105.0,107,51,48,10,33,79,14,50,6,95
Juan Abreu,HOU,R,27,3,4,4.10,56,0,63.7,55,31,29,8,39,77,2,33,8,95
Tim Byrdak,NYN,L,38,1,1,4.05,59,0,33.3,31,16,15,3,17,32,1,42,1,95
Jonathan Sanchez,KC,L,29,8,8,4.36,26,25,136.3,125,71,66,15,79,126,9,48,7,95
Brian Sanches,PHI,R,33,3,3,4.18,48,1,60.3,55,30,28,8,28,51,4,39,3,95
Robert Erlin,SD,L,21,6,6,3.82,28,23,132.0,128,60,56,16,30,110,4,45,8,95
Martin Perez,TEX,L,21,7,7,4.76,27,26,134.3,155,76,71,13,52,100,12,70,8,95
Dylan Axelrod,CHA,R,26,5,6,4.54,27,19,117.0,130,63,59,10,38,75,6,50,7,95
Scott Linebrink,STL,R,35,4,3,3.96,53,0,52.3,52,25,23,5,19,44,4,43,3,95
Ricky Orta,TB,R,27,1,1,4.26,11,1,19.0,19,10,9,2,8,14,3,51,1,95
Chen Lee,CLE,R,25,4,4,4.39,45,0,69.7,68,36,34,7,31,63,7,55,4,95
Dan Meadows,MIL,L,24,6,5,4.27,42,1,78.0,75,40,37,10,30,65,5,39,4,95
Matt Daley,NYA,R,30,1,1,4.59,37,0,33.3,34,18,17,5,11,31,1,46,2,95
Jose Mijares,KC,L,27,1,1,4.38,60,0,49.3,50,26,24,5,23,37,1,38,2,95
Brandon Lyon,HOU,R,32,4,5,4.13,46,0,48.0,47,24,22,5,18,34,2,52,1,95
Luis Marte,DET,R,25,2,2,4.50,35,1,54.0,53,29,27,6,30,45,4,45,3,95
Arthur Rhodes,STL,L,42,3,3,3.97,49,0,34.0,32,16,15,4,13,26,1,44,0,95
Edgmer Escalona,COL,R,25,3,3,4.75,55,0,66.3,65,37,35,12,26,55,6,44,3,94
Josh Roenicke,COL,R,29,3,3,4.75,52,0,66.3,69,37,35,7,30,50,5,53,4,94
Chad Qualls,PHI,R,33,5,4,4.21,65,0,62.0,64,31,29,7,17,45,3,67,1,94
Charlie Morton,PIT,R,28,10,11,4.09,28,28,163.0,168,79,74,10,65,108,7,63,10,94
Royce Ring,BOS,L,31,2,2,4.67,41,1,34.7,38,19,18,4,13,24,1,55,2,94
Will Ohman,CHA,L,34,1,1,4.58,51,0,39.3,39,21,20,6,17,37,1,50,2,94
Matt Lindstrom,BAL,R,32,2,2,4.53,59,0,51.7,56,28,26,6,17,36,3,56,1,94
Chuckie Fick,STL,R,26,4,3,4.00,51,0,63.0,58,30,28,5,33,51,1,58,4,94
Henderson Alvarez,TOR,R,22,9,8,4.65,27,25,155.0,175,86,80,21,31,89,3,64,10,94
Carlos Fisher,CIN,R,29,3,3,4.28,49,0,61.0,57,31,29,7,30,54,4,50,3,94
Chance Ruffin,SEA,R,23,3,4,4.20,61,0,64.3,59,32,30,7,38,64,5,39,3,94
Homer Bailey,CIN,R,26,9,9,4.28,28,27,157.7,161,80,75,18,49,124,5,48,6,94
John Gaub,CHN,L,27,4,4,4.35,48,0,49.7,43,26,24,6,36,55,6,50,3,94
Randy Flores,MIL,L,36,3,2,4.32,54,0,41.7,42,21,20,5,15,32,3,49,2,94
Chris Narveson,MIL,L,30,9,8,4.32,34,22,141.7,140,73,68,17,56,115,5,49,3,94
Jenrry Mejia,NYN,R,22,5,4,4.11,14,14,65.7,62,32,30,5,33,48,5,57,4,94
Fernando Rodney,TB,R,35,4,3,4.32,53,0,50.0,47,26,24,4,28,40,3,63,3,94
Matt Capps,MIN,R,28,5,5,4.48,67,0,64.3,70,34,32,8,17,42,1,53,3,94
Shelby Miller,STL,R,21,9,8,4.01,25,25,132.3,123,63,59,10,68,126,12,46,8,94
LaTroy Hawkins,LAA,R,39,2,1,4.33,38,0,35.3,39,18,17,3,9,22,1,61,1,94
Guillermo Moscoso,COL,R,28,9,9,4.79,28,23,133.3,142,76,71,18,50,87,5,34,6,94
Chad Bettis,COL,R,23,8,8,4.79,27,27,157.7,169,90,84,18,54,121,14,56,10,94
J.J. Hoover,ATL,R,24,7,7,4.19,37,20,116.0,114,58,54,11,53,102,7,44,7,94
Chuck James,NYN,L,30,4,3,4.12,37,3,63.3,62,31,29,6,27,50,6,34,3,94
Michael Stutes,PHI,R,25,5,5,4.25,61,0,72.0,65,36,34,8,40,68,3,42,3,94
Ronald Belisario,LAD,R,29,2,2,4.04,50,0,49.0,46,24,22,5,21,38,3,68,3,93
Ryan Vogelsong,SF,R,34,8,10,4.18,26,25,153.0,156,76,71,17,60,119,3,52,6,93
Beau Jones,FLO,L,25,2,2,4.31,42,1,62.7,59,32,30,5,37,55,9,51,3,93
Rick Porcello,DET,R,23,11,11,4.57,29,29,173.3,193,94,88,18,48,100,11,59,7,93
Scott Maine,CHN,L,27,4,4,4.37,48,0,59.7,57,31,29,7,30,55,4,53,3,93
Evan Scribner,OAK,R,26,4,4,4.37,51,0,55.7,56,29,27,6,20,46,2,32,3,93
Trystan Magnuson,TOR,R,27,3,3,4.69,43,0,63.3,68,35,33,7,26,42,5,47,3,93
Joe Beimel,TEX,L,35,2,2,4.86,52,0,37.0,41,21,20,5,14,22,1,48,1,93
David Pauley,DET,R,29,4,4,4.58,61,0,72.7,78,40,37,8,25,40,2,55,5,93
Jamey Wright,LAD,R,37,2,3,4.06,51,0,62.0,60,30,28,6,28,44,4,68,4,93
Zach Phillips,BAL,L,25,3,3,4.59,50,1,66.7,69,36,34,5,36,46,5,54,4,93
Carl Pavano,MIN,R,36,10,10,4.53,27,27,177.0,201,95,89,21,33,97,3,56,6,93
Mike DeMark,ARI,R,29,2,2,4.53,43,0,45.7,46,25,23,5,23,37,3,49,3,93
Lance Lynn,STL,R,25,7,7,4.06,29,20,126.3,128,61,57,8,54,93,6,49,7,93
Jonathon Niese,NYN,L,25,10,9,4.17,27,26,157.7,164,78,73,16,48,133,4,59,6,92
Rich Hill,BOS,L,32,3,2,4.76,27,4,45.3,44,26,24,5,30,38,1,45,3,92
Wil Ledezma,LAD,L,31,1,2,4.09,43,0,50.7,48,25,23,5,24,49,6,48,2,92
Josh Outman,COL,L,27,7,7,4.85,24,20,105.7,113,61,57,13,48,73,7,48,2,92
Marc Kroon,SF,R,39,3,3,4.22,43,0,42.7,39,21,20,5,24,44,10,49,3,92
Chris Balcom-Miller,BOS,R,23,7,7,4.77,23,23,111.3,126,63,59,11,43,71,21,63,7,92
Brian Duensing,MIN,L,29,8,9,4.54,36,20,138.7,154,75,70,15,44,88,2,54,3,92
Chris Young,NYN,R,33,2,2,4.18,6,6,32.3,30,16,15,4,15,25,1,29,1,92
Sam Demel,ARI,R,26,3,3,4.56,53,0,51.3,53,28,26,6,24,38,3,59,3,92
Anthony Varvaro,ATL,R,27,4,4,4.26,52,0,67.7,58,34,32,6,50,67,5,48,3,92
Miles Mikolas,SD,R,23,3,3,3.95,63,0,73.0,73,34,32,6,23,54,4,57,5,92
Phil Hughes,NYA,R,26,9,8,4.84,25,22,122.7,127,71,66,18,44,96,5,38,3,92
Joe Saunders,ARI,L,31,11,12,4.57,29,29,181.3,193,98,92,25,60,103,4,54,4,92
Freddy Garcia,NYA,R,35,9,8,4.85,23,22,128.0,143,74,69,18,40,75,3,45,3,92
Trever Miller,CHN,L,39,0,0,4.44,45,0,24.3,25,13,12,2,11,15,2,47,2,92
Sam LeCure,CIN,R,28,5,5,4.37,34,13,107.0,105,56,52,15,36,88,3,52,6,92
Wade Davis,TB,R,26,10,10,4.41,29,29,171.3,173,90,84,22,63,113,6,42,7,92
Jason Hammel,BAL,R,29,9,10,4.65,30,27,164.7,182,91,85,20,52,108,8,55,6,92
Felix Doubront,BOS,L,24,6,5,4.80,32,19,93.7,103,54,50,10,41,64,3,52,4,92
Tyler Skaggs,ARI,L,20,7,8,4.58,26,24,127.7,129,70,65,17,55,101,7,47,8,92
Brett Myers,HOU,R,31,8,9,4.26,28,26,169.0,171,86,80,22,48,128,4,56,3,92
Alberto Castillo,LAD,L,36,2,3,4.13,48,0,48.0,47,24,22,4,19,37,1,52,3,92
Chad Gaudin,FLO,R,29,5,5,4.39,31,11,82.0,83,43,40,8,35,71,4,51,6,91
Brandon Kloess,CHA,R,27,4,5,4.71,39,0,63.0,66,35,33,8,28,53,5,55,4,91
Jeremy Berg,LAA,R,25,2,2,4.43,51,0,69.0,74,36,34,6,24,43,2,59,4,91
Bruce Chen,KC,L,35,8,9,4.53,26,22,131.0,138,71,66,16,47,86,2,41,5,91
Kevin Gregg,BAL,R,34,3,3,4.66,60,0,56.0,54,31,29,7,30,51,3,48,2,91
Josh Tomlin,CLE,R,27,9,10,4.56,26,25,150.0,157,81,76,21,36,85,4,45,5,91
A.J. Burnett,PIT,R,35,9,11,4.22,28,28,168.3,164,85,79,17,69,141,18,54,10,91
Wade LeBlanc,FLO,L,27,9,10,4.40,29,28,163.7,168,86,80,19,55,124,4,46,6,91
Jason Vargas,SEA,L,29,9,11,4.31,31,28,175.3,181,90,84,19,52,110,2,42,3,91
Josh Judy,CIN,R,26,3,3,4.40,53,0,59.3,58,31,29,7,27,55,2,47,5,91
Aaron Crow,KC,R,25,4,4,4.54,64,0,67.3,67,36,34,8,34,61,9,52,2,91
Edinson Volquez,SD,R,28,6,7,3.98,22,22,124.3,114,59,55,11,69,118,8,60,6,91
Rich Harden,OAK,R,30,5,6,4.46,20,20,103.0,97,55,51,16,49,108,4,40,5,91
David Herndon,PHI,R,26,3,3,4.36,52,0,66.0,69,34,32,7,24,44,2,67,3,91
Barry Zito,SF,L,34,7,8,4.28,23,21,124.0,118,63,59,15,52,92,3,47,4,91
Brad Meyers,NYA,R,26,6,6,4.78,20,20,105.3,123,60,56,13,24,67,2,50,6,91
Rob Delaney,FLO,R,27,5,6,4.42,59,0,73.3,74,39,36,9,29,58,3,47,4,91
Mike Leake,CIN,R,24,9,9,4.42,28,25,159.0,166,83,78,23,43,113,2,59,6,91
Joel Pineiro,PHI,R,33,8,8,4.37,24,22,142.0,155,74,69,15,33,75,3,63,3,91
Jordan Norberto,OAK,L,25,3,4,4.48,52,0,60.3,57,32,30,5,40,56,10,52,3,91
Daniel Klein,BAL,R,23,2,2,4.70,17,0,30.7,32,17,16,4,10,24,1,47,2,91
Juan Gutierrez,KC,R,28,2,2,4.57,43,0,43.3,44,24,22,5,18,38,2,43,2,91
Randy Wells,CHN,R,29,8,10,4.50,27,27,156.0,165,83,78,20,51,101,5,53,4,91
Angel Guzman,LAD,R,30,2,2,4.17,35,13,45.3,46,22,21,5,14,31,2,56,2,91
Alex Sanabia,FLO,R,23,4,5,4.44,20,18,93.3,102,49,46,11,21,53,3,48,5,91
Jaye Chapman,ATL,R,25,3,3,4.33,50,0,62.3,59,32,30,6,35,59,10,54,4,90
Cesar Jimenez,SEA,L,27,2,3,4.35,29,0,41.3,42,21,20,4,21,33,4,49,2,90
Dan Remenowsky,CHA,R,26,4,5,4.77,43,0,54.7,55,31,29,8,26,52,2,43,3,90
James McDonald,PIT,R,27,7,8,4.27,33,22,132.7,132,67,63,14,61,115,5,45,5,90
Neil Ramirez,TEX,R,23,6,7,5.01,29,28,116.7,125,70,65,15,54,91,12,33,7,90
Blake Hawksworth,LAD,R,29,5,5,4.19,47,7,77.3,77,39,36,9,26,54,3,56,2,90
Steven Geltz,LAA,R,24,3,3,4.50,36,0,46.0,41,25,23,7,25,50,2,36,2,90
Michael Kohn,LAA,R,26,3,3,4.50,59,0,60.0,56,32,30,7,35,58,3,45,3,90
Kyle Kendrick,PHI,R,27,8,8,4.41,31,21,134.7,143,71,66,17,38,66,1,55,6,90
Joe Savery,PHI,L,26,3,3,4.41,42,0,51.0,54,27,25,5,18,34,1,56,3,90
Rafael Martin,WAS,R,28,4,4,4.41,42,0,49.0,48,26,24,5,22,39,9,50,3,90
Troy Patton,BAL,L,26,3,4,4.73,51,0,64.7,71,36,34,7,22,39,1,35,2,90
Eulogio de la Cruz,MIL,R,28,5,5,4.50,40,15,110.0,109,59,55,11,58,85,15,56,7,90
Chris Ray,CLE,R,30,2,3,4.63,46,0,44.7,46,25,23,5,20,32,2,49,0,90
John Lannan,WAS,L,27,10,11,4.42,30,30,175.0,192,92,86,17,65,93,2,63,6,90
Justin Thomas,BOS,L,28,4,4,4.91,57,0,62.3,68,36,34,7,27,41,5,46,3,90
Joe Blanton,PHI,R,31,5,5,4.43,19,18,107.7,114,57,53,15,28,84,2,51,3,90
Chris Leroux,PIT,R,28,4,5,4.30,52,0,69.0,75,35,33,5,25,50,5,53,3,90
Jon Garland,CLE,R,32,7,8,4.65,20,20,118.0,128,65,61,15,43,65,3,57,4,90
Esmerling Vasquez,MIN,R,28,3,3,4.68,57,0,57.7,57,32,30,6,34,46,5,41,5,90
Mike Zagurski,ARI,L,29,2,3,4.70,52,0,53.7,52,30,28,6,32,50,3,53,4,89
Joseph Wieland,SD,R,22,8,9,4.06,27,26,146.3,157,71,66,14,34,103,11,48,9,89
Manny Acosta,NYN,R,31,3,3,4.31,58,0,62.7,59,32,30,8,32,59,3,49,3,89
Ross Detwiler,WAS,L,26,7,8,4.44,26,23,121.7,136,64,60,10,45,76,3,51,5,89
Winston Abreu,BAL,R,35,3,4,4.76,45,0,51.0,49,29,27,8,27,49,4,37,3,89
Tim Wakefield,BOS,R,45,6,6,4.93,25,17,115.0,126,67,63,17,34,68,10,43,5,89
Sean Green,TEX,R,33,2,2,5.06,45,0,48.0,52,29,27,5,26,31,6,76,3,89
Mike Ekstrom,COL,R,28,4,4,5.03,49,1,68.0,76,41,38,7,29,43,4,62,4,89
Jay Buente,TB,R,28,3,3,4.54,40,5,73.3,75,40,37,7,37,55,6,59,4,89
Chad Durbin,WAS,R,34,2,2,4.45,54,0,64.7,65,34,32,8,27,54,3,48,4,89
Jesse Carlson,BOS,L,31,2,2,4.94,48,0,47.3,53,28,26,6,15,29,3,50,3,89
Jason Berken,BAL,R,28,2,3,4.78,47,0,58.3,63,33,31,8,22,45,4,51,1,89
Derek Lowe,CLE,R,39,11,12,4.68,28,28,157.7,181,88,82,16,48,99,2,70,3,89
Joe Bateman,TB,R,32,3,4,4.55,45,0,63.3,66,34,32,6,30,40,1,44,3,89
Luke Hochevar,KC,R,28,9,10,4.66,26,26,158.3,167,88,82,19,51,106,6,57,6,89
Josh Kinney,SEA,R,33,3,4,4.43,55,0,61.0,62,32,30,6,25,46,6,57,4,89
Sean White,BOS,R,31,2,2,4.96,50,0,65.3,74,39,36,6,31,34,5,59,3,89
Samuel Gervacio,HOU,R,27,2,2,4.40,39,0,43.0,40,22,21,6,19,40,2,55,2,89
Blake Parker,CHN,R,27,3,4,4.59,53,0,66.7,63,36,34,8,40,61,3,49,4,89
Edwar Cabrera,COL,L,24,5,6,5.05,22,22,124.7,137,75,70,18,48,103,17,54,8,89
Bobby Cramer,OAK,L,32,2,2,4.58,12,7,39.3,44,21,20,4,15,26,2,53,2,89
Hector Ambriz,CLE,R,28,1,1,4.70,35,0,46.0,50,26,24,6,16,35,4,54,1,89
Douglas Arguello,TEX,L,27,5,6,5.10,26,14,83.0,90,50,47,8,49,53,7,55,5,89
Daniel Jennings,FLO,L,25,3,4,4.53,44,0,55.7,57,30,28,4,33,44,12,57,3,89
John Lackey,BOS,R,33,11,10,4.96,26,26,161.3,185,95,89,19,53,105,7,53,13,89
Jordan Swagerty,STL,R,22,4,4,4.24,36,12,85.0,82,43,40,10,34,66,13,56,6,89
Philip Humber,CHA,R,29,7,8,4.86,26,23,140.7,155,81,76,19,37,89,6,45,6,89
Mark Hamburger,TEX,R,25,5,6,5.10,47,2,72.3,78,44,41,10,34,47,7,53,4,89
Chris Capuano,LAD,L,33,8,9,4.26,29,22,137.3,138,70,65,19,37,113,4,50,4,89
Jesus Colome,COL,R,34,1,1,5.06,17,0,21.3,24,13,12,3,8,15,4,44,1,89
Clayton Richard,SD,L,28,8,9,4.10,24,24,138.3,138,67,63,12,55,95,4,56,3,89
Samuel Deduno,MIN,R,28,5,5,4.74,29,14,89.3,93,50,47,6,56,64,14,60,5,89
Felipe Paulino,KC,R,28,6,7,4.69,30,19,121.0,129,67,63,12,51,102,6,50,6,88
Sergio Escalona,HOU,L,27,3,4,4.42,60,0,53.0,52,28,26,6,24,45,4,53,4,88
Aaron Cook,BOS,R,33,7,7,4.99,21,21,117.3,137,70,65,12,41,56,3,69,5,88
Brad Thomas,DET,L,34,2,2,4.82,29,0,37.3,42,21,20,4,17,20,2,56,3,88
Jacob Turner,DET,R,21,5,5,4.82,23,23,134.3,152,77,72,15,46,78,12,53,8,88
Kyle McClellan,STL,R,28,6,6,4.26,54,8,99.3,99,50,47,13,34,65,4,56,4,88
Anthony Slama,MIN,R,28,3,3,4.75,46,0,53.0,50,30,28,6,35,49,5,40,3,88
Danny Farquhar,TOR,R,25,4,4,4.95,56,0,63.7,65,37,35,7,40,50,4,55,4,88
Justin Hampson,NYN,L,32,2,2,4.37,32,0,35.0,36,18,17,4,11,27,1,54,2,88
Denny Bautista,SEA,R,29,2,3,4.47,38,0,46.3,42,25,23,4,32,48,6,43,3,88
Nick Vincent,SD,R,25,3,4,4.13,61,0,72.0,68,35,33,8,30,63,1,51,4,88
Mike MacDougal,LAD,R,35,2,2,4.29,54,0,50.3,50,26,24,4,26,34,5,67,3,88
Stephen Marek,TOR,R,28,2,2,4.96,33,0,32.7,33,19,18,4,18,27,2,53,2,88
Zach Britton,BAL,L,24,10,12,4.85,30,29,156.0,172,90,84,16,61,96,13,58,4,88
Pedro Beato,NYN,R,25,2,2,4.39,57,0,65.7,66,34,32,6,28,42,3,54,4,88
Taylor Buchholz,NYN,R,30,1,1,4.39,24,0,26.7,26,14,13,3,11,23,0,46,1,88
D.J. Carrasco,NYN,R,35,3,3,4.39,48,4,80.0,84,42,39,7,30,56,4,55,5,88
Nathan Eovaldi,LAD,R,22,6,7,4.30,26,22,119.3,119,61,57,9,62,83,9,53,7,88
Sergio Mitre,NYA,R,31,1,1,5.08,26,2,44.3,49,27,25,6,17,22,1,61,2,88
Frank Herrmann,CLE,R,28,2,2,4.75,51,0,66.3,73,37,35,8,21,39,2,40,2,88
Justin Miller,TEX,R,34,2,2,5.15,32,0,36.7,37,22,21,5,22,28,5,49,2,88
Robert Ross,TEX,L,23,9,9,5.16,27,26,139.7,167,86,80,16,49,72,10,53,9,88
Jon Link,BAL,R,28,2,2,4.86,52,1,63.0,67,36,34,7,31,48,5,56,3,88
Rob Tejeda,CLE,R,30,3,3,4.75,45,0,53.0,55,30,28,8,22,43,3,30,1,88
Aaron Harang,LAD,R,34,8,9,4.31,22,22,133.7,141,68,64,16,40,96,5,44,3,88
Tony Pena,CHA,R,30,3,3,4.92,42,1,56.7,61,33,31,7,24,40,2,51,1,88
Michael Kirkman,TEX,L,25,6,6,5.17,35,15,115.0,124,71,66,14,63,87,8,48,7,88
Hector Correa,SF,R,24,4,5,4.45,40,0,62.7,61,33,31,8,29,47,3,43,4,88
Dennys Reyes,BAL,L,35,1,1,4.87,34,0,20.3,22,12,11,2,10,13,3,64,2,88
Matt Bush,TB,R,26,3,3,4.63,26,0,35.0,34,19,18,4,17,33,6,46,2,87
J.D. Martin,FLO,R,29,5,6,4.60,25,18,105.7,115,58,54,15,25,66,3,47,5,87
Jeff Francis,CIN,L,31,7,8,4.60,24,24,141.0,156,77,72,17,33,81,3,55,4,87
Brett Cecil,TOR,L,25,10,11,5.00,29,29,174.7,189,104,97,28,59,122,3,50,7,87
Brandon Webb,TEX,R,33,3,3,5.18,8,8,41.7,49,26,24,5,16,20,1,70,1,87
Alex White,COL,R,23,7,8,5.14,22,22,112.0,120,68,64,18,46,77,7,51,7,87
Dustin McGowan,TOR,R,30,4,4,5.00,18,17,72.0,77,43,40,10,34,54,3,53,4,87
Jason Marquis,MIN,R,33,6,8,4.82,20,20,114.0,130,65,61,11,43,62,2,65,5,87
Drew Smyly,DET,L,23,8,9,4.90,22,21,112.0,124,65,61,13,47,61,10,54,7,87
Carlos Silva,BOS,R,33,3,3,5.07,12,11,55.0,63,33,31,8,14,31,3,56,3,87
Wily Peralta,MIL,R,23,8,8,4.67,25,25,135.0,140,75,70,14,68,105,10,54,8,87
Dane De La Rosa,TB,R,29,5,6,4.67,54,0,71.3,74,40,37,8,32,55,9,54,4,87
Roman Colon,KC,R,32,2,2,4.78,28,0,32.0,35,18,17,4,12,19,1,51,2,87
Fernando Cabrera,NYN,R,30,3,3,4.45,51,0,56.7,56,30,28,6,27,50,6,47,3,87
Jeremy Accardo,CLE,R,30,3,3,4.81,52,0,58.0,64,33,31,5,27,34,1,52,3,87
Esmil Rogers,COL,R,26,7,8,5.19,27,20,121.3,141,75,70,15,49,84,9,55,7,86
Hector Noesi,SEA,R,25,5,7,4.56,31,16,106.7,115,58,54,12,34,73,8,45,6,86
Miguel Batista,NYN,R,41,3,3,4.46,41,7,78.7,78,42,39,6,42,49,5,56,6,86
Scott Patterson,SEA,R,33,2,4,4.56,44,0,51.3,54,28,26,6,18,40,2,28,3,86
Todd Doolittle,FLO,R,29,3,3,4.66,26,3,48.3,50,27,25,6,23,40,2,51,3,86
Cesar Ramos,TB,L,28,2,2,4.70,65,0,53.7,54,30,28,6,29,35,1,59,3,86
Brad Bergesen,BAL,R,26,6,8,4.95,30,20,134.7,150,79,74,19,41,77,1,56,5,86
Alex Burnett,MIN,R,24,3,4,4.87,66,0,61.0,67,35,33,6,25,39,3,53,6,86
Willie Eyre,BAL,R,33,4,5,4.95,48,1,63.7,71,37,35,6,27,36,8,55,3,86
Kyle Lohse,STL,R,33,7,8,4.37,22,21,123.7,130,64,60,13,36,75,1,51,3,86
Mike Pelfrey,NYN,R,28,9,10,4.48,30,29,176.7,193,94,88,17,60,98,1,56,6,86
Fauxto Carmona,CLE,R,31,10,12,4.85,29,29,174.3,188,101,94,21,62,104,3,64,11,86
Tommy Hunter,BAL,R,25,7,9,4.96,29,22,136.0,156,80,75,20,35,76,2,49,5,86
Robbie Weinhardt,DET,R,26,3,3,4.96,46,0,61.7,69,36,34,6,27,39,4,57,4,86
Trevor Bell,LAA,R,25,5,6,4.73,31,15,106.7,121,60,56,11,32,64,7,55,4,86
Juan Cruz,PIT,R,33,2,2,4.50,37,0,34.0,32,18,17,4,19,31,3,37,0,86
Mike O'Connor,NYA,L,31,4,5,5.08,47,0,62.0,71,37,35,9,21,47,6,50,4,86
Jason Lane,ARI,L,35,0,0,4.91,4,0,7.3,8,4,4,1,2,4,0,41,0,86
John Lamb,KC,L,21,4,5,4.85,17,17,78.0,85,45,42,7,37,49,2,49,5,86
Peter Andrelczyk,FLO,R,26,5,6,4.70,46,1,67.0,69,37,35,7,35,53,7,50,4,85
Jared Burton,MIN,R,31,2,2,4.91,34,0,36.7,40,21,20,4,16,26,1,49,2,85
Kevin Slowey,CLE,R,28,6,8,4.88,24,20,114.3,133,66,62,17,19,78,2,35,5,85
Neil Wagner,OAK,R,28,3,4,4.76,51,0,62.3,66,35,33,5,35,51,4,54,4,85
Alan Farina,TOR,R,25,2,2,5.12,31,0,31.7,32,19,18,4,20,26,5,47,2,85
Ryota Igarashi,PIT,R,33,2,3,4.53,56,0,57.7,57,31,29,6,29,50,6,49,4,85
Aaron Laffey,TOR,L,27,3,3,5.12,52,0,58.0,66,35,33,7,26,31,2,58,3,85
Ross Ohlendorf,BOS,R,29,5,6,5.18,20,20,104.3,116,64,60,16,36,64,3,45,7,85
Kevin Jepsen,LAA,R,27,4,4,4.76,57,0,56.7,60,32,30,6,25,45,9,63,2,85
Jeanmar Gomez,CLE,R,24,11,13,4.90,30,30,172.7,198,101,94,18,66,97,5,53,7,85
Enerio Del Rosario,HOU,R,26,2,3,4.59,58,0,66.7,72,36,34,6,25,37,3,57,3,85
John Grabow,LAD,L,33,2,2,4.44,51,0,52.7,53,28,26,6,24,36,2,48,1,85
Wade Miley,ARI,L,25,7,9,4.94,27,26,142.0,162,83,78,15,63,90,11,60,8,85
Livan Hernandez,HOU,R,37,8,10,4.60,25,25,152.7,169,83,78,15,50,87,2,49,3,85
Chien-Ming Wang,WAS,R,32,4,5,4.68,15,14,75.0,84,42,39,9,20,39,4,62,3,85
Waldis Joaquin,WAS,R,25,3,3,4.68,42,2,57.7,61,32,30,5,31,37,7,57,4,85
Scott Munter,SF,R,32,3,4,4.60,45,1,58.7,60,32,30,5,35,44,9,67,4,85
Jim Miller,OAK,R,30,3,5,4.80,54,0,65.7,73,37,35,8,23,48,3,43,3,85
Daniel McCutchen,PIT,R,29,3,5,4.56,71,0,81.0,86,44,41,8,34,48,7,51,4,85
David Purcey,PHI,L,30,2,2,4.70,43,0,46.0,43,26,24,5,31,39,2,40,1,85
Alexander Torres,TB,L,24,8,9,4.78,28,26,137.3,142,78,73,12,87,108,12,53,8,85
Nestor Molina,CHA,R,23,6,8,5.10,23,21,125.3,143,76,71,18,38,85,6,54,6,85
Nick Blackburn,MIN,R,30,8,10,4.96,25,25,147.0,173,87,81,20,43,73,3,59,3,85
Chris Volstad,CHN,R,25,9,11,4.82,29,29,168.0,183,96,90,24,53,107,5,60,4,85
Jason Isringhausen,NYN,R,39,2,2,4.56,30,0,25.7,23,14,13,3,15,24,1,42,1,85
Cole Kimball,WAS,R,26,3,3,4.70,40,0,46.0,43,26,24,5,33,41,12,47,3,85
Bobby Cassevah,LAA,R,26,3,4,4.80,52,0,65.7,71,37,35,6,30,36,4,76,2,85
Matt Maloney,MIN,L,28,7,9,4.96,25,21,123.3,146,73,68,16,27,72,3,50,7,85
Dale Thayer,SD,R,31,3,4,4.30,56,0,67.0,70,34,32,7,22,48,4,54,3,84
David Carpenter,LAA,R,24,2,2,4.80,44,0,45.0,46,26,24,5,23,33,5,53,3,84
Danys Baez,PHI,R,34,3,3,4.70,39,0,44.0,46,25,23,5,17,27,1,67,3,84
Jess Todd,STL,R,26,3,4,4.45,55,0,60.7,62,32,30,6,25,51,4,48,3,84
Manny Parra,MIL,L,29,5,6,4.80,23,12,80.7,84,46,43,10,41,71,6,58,2,84
Dirk Hayhurst,TB,R,31,4,4,4.80,25,8,65.7,73,37,35,8,23,38,1,49,4,84
Mike Montgomery,KC,L,22,6,8,4.92,24,23,119.0,131,70,65,12,53,78,15,53,6,84
J.C. Romero,STL,L,36,1,1,4.46,45,0,34.3,34,18,17,3,22,25,1,67,2,84
Chris Bootcheck,DET,R,33,2,3,5.05,27,4,51.7,55,31,29,7,20,35,1,43,3,84
Jesse Litsch,TOR,R,27,4,5,5.18,22,13,80.0,89,49,46,12,27,55,7,54,4,84
Carlos Carrasco,CLE,R,25,8,10,4.95,25,25,143.7,156,85,79,20,52,101,4,53,6,84
Adam Wilk,DET,L,24,7,8,5.06,25,22,126.3,148,76,71,19,26,65,5,46,7,84
Danny Duffy,KC,L,23,6,7,4.92,22,22,113.3,121,66,62,16,46,92,6,48,6,84
Zach Kroenke,ARI,L,28,5,6,4.99,31,13,101.0,117,60,56,10,42,57,10,53,5,84
Aaron Heilman,SEA,R,33,3,5,4.68,56,0,59.7,62,33,31,8,25,48,4,48,2,84
J.A. Happ,HOU,L,29,7,9,4.64,27,24,139.7,138,77,72,18,69,113,4,44,3,84
Austin Hyatt,PHI,R,26,7,8,4.73,26,22,120.0,124,67,63,16,53,105,5,44,8,84
Tony Watson,PIT,L,27,3,5,4.59,44,4,66.7,66,36,34,9,28,55,2,47,3,84
Patrick Corbin,ARI,L,22,7,9,5.00,26,26,140.3,159,83,78,19,47,97,18,54,9,84
Jean Machi,SF,R,30,3,4,4.64,50,0,52.3,54,29,27,5,26,36,7,61,3,84
Chris Scholl,LAA,R,24,3,3,4.83,35,4,72.7,79,42,39,9,29,45,6,40,4,84
Eric Stults,CHA,L,32,4,6,5.15,41,8,85.7,95,52,49,13,34,61,4,48,5,84
Mason Tobin,TEX,R,24,0,0,5.40,4,0,5.0,5,3,3,1,2,3,0,50,1,84
Arquimedes Caminero,FLO,R,25,1,2,4.80,22,0,30.0,29,17,16,3,24,29,11,50,2,84
Kevin Millwood,SEA,R,37,6,10,4.70,23,23,139.7,153,78,73,19,49,90,6,50,6,84
Bryan Augenstein,TB,R,25,5,6,4.84,29,12,83.7,94,48,45,11,25,56,3,50,5,84
John Maine,BOS,R,31,3,3,5.27,12,12,54.7,59,34,32,7,32,37,7,46,3,84
Ross Wolf,BAL,R,29,2,3,5.10,49,0,65.3,75,40,37,7,28,41,3,60,4,84
Matt Harvey,NYN,R,23,8,10,4.62,27,27,128.7,134,71,66,13,62,118,7,60,7,83
Ron Mahay,CIN,L,41,1,1,4.81,27,0,24.3,26,14,13,4,8,19,0,51,1,83
Jeremy Jeffress,KC,R,24,2,3,4.97,47,0,41.7,43,25,23,4,26,30,12,65,3,83
Miguel De Los Santos,TEX,L,23,5,6,5.42,21,18,81.3,82,52,49,11,63,78,17,39,6,83
Evan Crawford,TOR,L,25,3,4,5.23,49,0,53.3,60,33,31,6,28,36,3,58,4,83
Jose De La Torre,NYN,R,26,3,3,4.62,38,0,48.7,46,27,25,5,32,43,5,51,2,83
Nathan Adcock,KC,R,24,4,5,4.97,26,12,88.7,101,52,49,9,37,48,10,57,5,83
Anthony Bass,SD,R,24,6,8,4.36,36,21,119.7,125,62,58,12,44,77,5,54,6,83
Ramon Ortiz,SF,R,39,3,5,4.68,27,13,90.3,101,50,47,11,24,59,3,53,3,83
Sandy Rosario,FLO,R,26,3,4,4.83,53,0,69.0,75,40,37,8,29,54,6,51,4,83
Jeff Gray,MIN,R,30,1,2,5.04,38,0,50.0,58,30,28,5,19,25,1,58,2,83
Matt Hoffman,DET,L,23,3,3,5.12,49,0,58.0,67,35,33,6,26,31,2,58,3,83
Doug Mathis,BOS,R,29,4,4,5.30,24,15,90.0,109,57,53,10,36,48,5,60,4,83
Jake Arrieta,BAL,R,26,8,11,5.13,25,24,131.7,138,80,75,19,65,94,3,49,6,83
Luis Mendoza,KC,R,28,7,9,4.99,28,19,122.7,144,73,68,11,49,51,6,51,7,83
Joe Torres,COL,L,29,1,2,5.40,36,0,36.7,39,24,22,5,24,29,4,57,2,83
Jake Westbrook,STL,R,34,7,8,4.52,22,22,127.3,135,68,64,12,48,76,4,68,3,83
Dusty Hughes,ATL,L,30,2,3,4.72,52,4,68.7,71,39,36,7,35,56,3,43,5,83
Victor Marte,STL,R,31,3,4,4.52,49,0,61.7,62,33,31,6,30,44,6,56,3,83
Brian Sweeney,SEA,R,38,3,5,4.74,29,4,62.7,70,35,33,8,19,39,8,47,2,83
Danny Moskos,PIT,L,26,2,4,4.65,60,0,62.0,67,34,32,5,28,39,2,57,2,83
Brett Lorin,ARI,R,25,5,6,5.06,21,17,90.7,101,55,51,14,30,57,6,49,6,83
Graham Godfrey,OAK,R,27,7,10,4.90,26,22,125.0,141,73,68,12,51,74,4,43,7,83
Bronson Arroyo,CIN,R,35,9,11,4.84,27,27,169.3,180,97,91,30,45,96,0,50,6,83
Kyle Waldrop,MIN,R,26,4,6,5.06,59,0,83.7,102,50,47,8,28,36,6,62,4,83
Seth McClung,TEX,R,31,2,3,5.45,26,7,67.7,79,44,41,9,33,36,3,50,3,83
Vinnie Chulk,CHA,R,33,2,2,5.20,38,0,45.0,50,28,26,6,22,29,1,49,2,83
Brad Penny,DET,R,34,7,8,5.14,21,21,122.7,144,75,70,16,40,60,5,56,3,83
Brian Bruney,CHA,R,30,1,2,5.20,39,0,36.3,37,22,21,5,24,32,1,46,1,83
Adam Russell,ATL,R,29,3,4,4.73,55,0,59.0,60,33,31,5,35,41,3,54,4,83
R.J. Swindle,STL,L,28,2,2,4.53,41,0,43.7,42,24,22,6,20,36,0,41,3,83
Josh Fields,BOS,R,26,2,3,5.32,33,0,44.0,43,28,26,5,37,34,6,44,3,83
Tony Pena Jr.,BOS,R,31,5,5,5.32,38,8,88.0,110,56,52,8,34,38,7,53,5,83
Brandon Duckworth,BOS,R,36,5,6,5.32,20,16,89.7,107,57,53,10,41,47,7,48,5,83
John Ely,LAD,R,26,7,9,4.56,27,25,146.0,153,79,74,17,52,98,8,56,7,83
Alfredo Simon,BAL,R,31,4,5,5.15,27,10,78.7,87,48,45,11,29,54,3,51,3,83
Travis Schlichting,OAK,R,27,2,3,4.91,43,0,58.7,62,34,32,6,29,38,3,53,3,83
Scott Rice,LAD,L,30,2,3,4.56,39,0,47.3,49,26,24,4,26,30,6,62,3,83
D. David Carpenter,HOU,R,26,3,4,4.72,62,0,61.0,63,34,32,7,31,53,5,52,5,83
Boof Bonser,SF,R,30,1,1,4.71,15,6,42.0,46,24,22,4,17,24,1,52,1,83
Barry Enright,ARI,R,26,7,10,5.09,26,26,150.3,168,91,85,26,47,90,5,44,7,83
David Phelps,NYA,R,25,6,7,5.40,23,22,121.7,148,78,73,18,39,73,2,51,6,83
Chris Jakubauskas,ARI,R,33,3,4,5.09,27,8,70.7,79,43,40,10,26,44,4,48,3,82
Dustin Moseley,SD,R,30,5,6,4.40,17,16,94.0,100,49,46,9,33,54,2,57,3,82
Kyle Gibson,MIN,R,24,6,8,5.09,22,22,115.0,135,70,65,13,39,71,7,57,7,82
Les Walrond,PHI,L,35,3,3,4.82,30,0,37.3,37,21,20,4,24,31,3,56,3,82
Trey McNutt,CHN,R,22,5,7,4.95,25,24,103.7,117,61,57,10,48,67,12,52,7,82
Randall Delgado,ATL,R,22,7,9,4.76,29,29,151.3,156,86,80,20,69,121,10,52,9,82
Clay Zavada,CIN,L,28,2,2,4.87,37,0,44.3,47,26,24,5,22,34,3,44,3,82
Erik Arnesen,WAS,R,28,7,9,4.82,29,21,130.7,152,75,70,14,37,81,7,46,8,82
Blake Beavan,SEA,R,23,8,13,4.79,29,29,176.7,210,101,94,20,33,82,7,50,8,82
Doug Davis,CHA,L,36,5,8,5.25,18,18,96.0,109,60,56,11,48,66,6,52,4,82
Fernando Abad,HOU,L,26,4,6,4.76,49,2,64.3,70,36,34,10,16,50,3,35,3,82
Dillon Gee,NYN,R,26,9,11,4.70,29,27,159.0,162,89,83,23,64,122,5,52,11,82
Casey Coleman,CHN,R,24,8,11,4.97,29,26,146.7,156,87,81,19,61,95,4,54,7,82
Brendan Wise,MIN,R,26,3,5,5.12,47,0,63.3,76,39,36,5,29,27,3,58,3,82
Fu-Te Ni,DET,L,29,2,3,5.20,39,5,71.0,81,44,41,9,30,45,4,40,4,82
Dontrelle Willis,PHI,L,30,4,5,4.85,20,18,98.3,102,57,53,10,56,74,9,61,4,82
Rodrigo Lopez,CHN,R,36,7,9,4.98,26,22,132.0,152,78,73,20,39,75,2,49,5,82
Manny Banuelos,NYA,L,21,7,8,5.45,25,25,115.7,128,75,70,15,65,85,9,51,5,82
Chris Smith,SEA,R,31,1,2,4.81,35,0,43.0,46,25,23,6,18,35,3,44,2,82
Jeff Karstens,PIT,R,29,6,9,4.72,27,22,137.3,152,77,72,21,32,81,2,51,3,82
Jordan Lyles,HOU,R,21,7,10,4.78,29,25,150.7,169,86,80,17,45,105,1,49,8,82
Michael Cisco,PHI,R,25,4,5,4.87,30,0,57.3,54,33,31,7,39,43,1,48,3,82
Jeurys Familia,NYN,R,22,6,7,4.73,24,24,120.0,124,67,63,13,64,92,19,51,8,82
Yonata Ortega,ARI,R,25,2,3,5.15,47,0,50.7,53,31,29,6,33,42,14,48,4,82
Billy Bullock,ATL,R,24,3,4,4.81,55,0,58.0,55,33,31,6,43,62,5,53,3,81
Billy Buckner,COL,R,28,6,8,5.51,23,21,116.0,139,76,71,15,50,74,15,55,6,81
Evan Reed,FLO,R,26,1,1,4.93,31,0,34.7,36,20,19,3,23,28,6,48,2,81
Tim Redding,PHI,R,34,5,6,4.88,19,16,94.0,108,55,51,11,31,55,3,47,4,81
Aneury Rodriguez,HOU,R,24,4,5,4.80,37,12,95.7,96,55,51,12,43,72,6,42,4,81
Robert Coello,TOR,R,27,5,7,5.36,34,11,92.3,96,59,55,15,50,78,3,37,5,81
Jared Gayhart,DET,R,25,4,5,5.23,41,2,65.3,71,41,38,8,37,41,5,49,5,81
Kevin Mulvey,ARI,R,27,6,8,5.17,25,23,130.7,152,80,75,15,52,74,8,54,8,81
Will Inman,BOS,R,25,6,7,5.42,29,17,103.0,116,66,62,15,44,73,7,49,5,81
Fernando Nieve,LAD,R,29,3,4,4.64,20,8,52.3,55,29,27,7,21,38,3,42,2,81
Player,Team,T,Age,W,L,ERA,G,GS,IP,H,R,ER,HR,BB,K,WP,G/GF,HBP,ERA_PLUS
Micah Owings,SD,R,29,5,7,4.47,33,11,90.7,89,48,45,10,43,65,2,44,5,81
Amaury Rivas,MIL,R,26,8,10,4.98,26,25,130.0,140,77,72,15,67,84,6,51,8,81
Jason Rice,ATL,R,26,3,4,4.83,45,0,69.0,67,40,37,7,47,62,9,45,4,81
Buddy Carlyle,NYA,R,34,2,3,5.49,31,2,41.0,46,27,25,7,20,27,5,43,2,81
Jesse Chavez,TOR,R,28,3,4,5.37,55,0,63.7,72,41,38,11,21,45,4,49,2,81
Jay Jackson,CHN,R,24,8,12,5.02,27,25,143.3,166,86,80,17,46,82,6,45,7,81
Eddie Bonine,PHI,R,31,3,4,4.90,24,9,68.0,81,40,37,8,18,36,1,60,3,81
Garrett Olson,NYN,L,28,4,6,4.76,34,13,87.0,84,49,46,11,50,64,4,41,4,81
Tyler Cloyd,PHI,R,25,6,7,4.91,31,17,117.3,137,68,64,14,35,75,5,54,8,81
Junichi Tazawa,BOS,R,26,6,7,5.44,25,14,82.7,95,54,50,14,30,54,4,42,5,81
Atahualpa Severino,WAS,L,27,3,4,4.91,46,0,51.3,54,30,28,6,29,39,4,49,3,81
Casey Daigle,SF,R,31,2,3,4.82,42,0,46.7,52,27,25,5,19,33,6,51,2,81
Rafael Dolis,CHN,R,24,6,9,5.04,42,12,85.7,93,51,48,7,53,50,10,61,5,81
Vin Mazzaro,KC,R,25,6,8,5.13,27,24,142.0,165,87,81,16,60,87,9,54,6,81
Zach McAllister,CLE,R,24,7,10,5.16,27,27,151.7,185,93,87,17,44,89,4,47,7,81
Edgar Gonzalez,OAK,R,29,4,5,5.03,21,16,93.0,109,56,52,9,33,53,5,49,5,81
Stephen Pryor,SEA,R,22,2,3,4.88,41,0,48.0,44,28,26,4,40,44,8,53,3,81
Miguel Socolovich,BAL,R,25,3,5,5.28,40,2,59.7,64,37,35,7,36,44,4,48,3,81
Nick Barnese,TB,R,23,6,8,5.02,23,23,113.0,125,67,63,11,54,64,7,55,7,81
James Russell,CHN,L,26,3,4,5.05,56,5,73.0,81,44,41,13,20,49,2,39,3,81
Donnie Joseph,CIN,L,24,2,3,4.98,59,0,59.7,60,35,33,8,34,59,6,52,4,81
Justin Berg,CHN,R,28,3,4,5.06,45,0,53.3,56,32,30,6,29,27,3,57,4,81
Jerome Williams,LAA,R,30,5,7,5.04,21,15,103.7,121,62,58,15,30,65,1,57,5,81
Joe Martinez,ARI,R,29,5,7,5.22,27,15,100.0,123,62,58,11,32,57,5,54,5,80
Craig Stammen,WAS,R,28,6,9,4.93,29,22,135.0,155,79,74,17,39,86,6,62,5,80
Chris Sampson,FLO,R,34,3,4,5.00,33,8,72.0,86,43,40,8,20,39,2,56,3,80
Gregory Infante,CHA,R,24,3,4,5.37,53,0,60.3,66,39,36,7,35,43,9,57,3,80
Kevin Whelan,NYA,R,28,3,4,5.55,46,0,47.0,50,31,29,7,30,37,11,44,2,80
Francisco M. Rodriguez,LAA,R,28,3,4,5.04,42,0,55.3,56,33,31,7,30,41,5,50,2,80
Juan Perez,MIL,L,33,3,3,5.05,42,0,41.0,38,25,23,6,29,42,6,50,2,80
Greg Reynolds,TEX,R,26,5,7,5.64,21,16,97.3,124,65,61,14,27,44,2,53,5,80
Damaso Marte,NYA,L,37,0,0,5.56,19,0,11.3,12,7,7,2,6,8,1,36,1,80
Collin Balester,DET,R,26,5,6,5.32,43,8,88.0,102,56,52,12,38,62,7,48,5,80
Kyle McPherson,PIT,R,24,7,11,4.82,28,25,132.7,143,76,71,18,40,92,5,38,8,80
Dustin Richardson,ATL,L,28,2,2,4.90,50,0,60.7,58,35,33,7,45,58,4,47,4,80
Mitch Stetter,TEX,L,31,1,1,5.65,40,0,28.7,33,19,18,5,13,22,2,41,2,80
Jay Voss,DET,L,25,5,7,5.32,35,12,91.3,105,58,54,12,40,53,5,45,6,80
Manny Delcarmen,NYA,R,30,3,3,5.44,43,0,46.3,52,30,28,7,24,32,3,45,2,80
Adam Reifer,STL,R,26,2,3,4.70,32,0,30.7,33,17,16,3,15,19,2,52,2,80
Tyler Thornburg,MIL,R,23,7,9,5.06,23,23,117.3,110,71,66,19,79,114,14,56,8,80
Ramon Troncoso,LAD,R,29,3,4,4.72,58,0,74.3,79,42,39,9,30,49,3,63,3,80
Lester Oliveros,MIN,R,24,2,3,5.25,51,0,58.3,62,36,34,7,35,48,3,55,3,80
Yunesky Maya,WAS,R,30,5,7,4.97,24,20,116.0,134,68,64,14,32,70,3,53,6,80
Jeff Stevens,NYN,R,28,1,2,4.82,50,0,65.3,66,37,35,7,37,52,11,52,3,80
Scott Mathieson,PHI,R,28,2,3,4.97,37,6,63.3,63,37,35,9,38,55,3,44,4,80
Ryan Franklin,STL,R,39,2,3,4.71,31,0,36.3,40,20,19,5,8,23,2,56,2,80
Adam Warren,NYA,R,24,7,8,5.46,26,26,130.3,154,85,79,17,54,74,4,45,7,80
Brett Oberholtzer,HOU,L,22,8,12,4.90,26,25,136.0,156,79,74,15,47,90,10,48,8,80
Christopher Carpenter,CHN,R,26,4,6,5.11,34,14,88.0,95,54,50,10,53,59,11,51,6,80
Brian Matusz,BAL,L,25,7,11,5.35,26,26,136.3,153,87,81,21,53,100,3,44,5,80
Merkin Valdez,OAK,R,30,3,4,5.10,48,0,60.0,67,36,34,6,31,39,5,55,3,80
Pat Misch,PHI,L,30,7,9,4.99,30,20,131.7,155,78,73,16,36,69,2,53,7,80
Steve Edlefsen,SF,R,27,3,5,4.90,50,0,60.7,63,35,33,6,38,41,6,58,4,80
Tom Koehler,FLO,R,26,7,10,5.05,26,26,132.0,142,79,74,15,69,93,7,49,8,80
John Lujan,NYN,R,28,4,5,4.84,48,0,61.3,68,35,33,6,28,46,5,52,4,80
Sean Henn,SEA,L,31,2,3,4.95,41,3,63.7,67,37,35,6,39,46,4,47,4,80
Tyson Ross,OAK,R,25,5,8,5.11,26,17,86.3,95,52,49,10,44,58,7,58,3,80
Rowdy Hardy,ATL,L,29,3,4,4.94,38,0,62.0,73,36,34,6,24,36,5,58,4,79
Casey Fien,MIN,R,28,2,3,5.28,37,0,46.0,51,29,27,8,15,33,0,47,2,79
Yohan Flande,ATL,L,26,7,9,4.94,28,22,133.0,161,78,73,11,45,74,6,59,8,79
Clevelan Santeliz,BOS,R,25,2,3,5.55,35,0,47.0,50,31,29,6,35,32,3,53,3,79
Rich Rundles,STL,L,31,2,3,4.74,43,0,38.0,41,21,20,4,18,25,0,50,2,79
Trevor May,PHI,R,22,8,10,5.01,26,25,125.7,119,75,70,15,94,135,14,48,9,79
Chris Schwinden,NYN,R,25,7,9,4.86,28,23,137.0,158,79,74,15,41,94,8,45,8,79
Tyler Chatwood,COL,R,22,8,11,5.66,28,27,144.7,173,97,91,18,75,74,8,58,7,79
Juan Oramas,SD,L,22,6,9,4.59,24,21,102.0,103,56,52,14,41,87,10,44,6,79
Zeke Spruill,ATL,R,22,7,9,4.95,23,22,125.3,146,74,69,14,39,63,5,40,7,79
Joel Carreno,TOR,R,25,6,8,5.52,28,22,117.3,132,77,72,17,63,89,13,47,8,79
Matt Yourkin,SF,L,30,5,8,4.94,32,19,120.3,137,71,66,14,44,85,9,43,7,79
Jorge De Leon,HOU,R,24,3,5,4.95,38,0,43.7,48,26,24,5,18,29,7,54,3,79
Mariano Gomez,FLO,L,29,3,4,5.09,27,1,40.7,44,25,23,4,22,23,3,61,2,79
Zach Duke,HOU,L,29,6,10,4.95,25,20,127.3,149,75,70,16,35,70,2,57,2,79
Shane Lindsay,LAD,R,27,2,3,4.78,42,0,52.7,44,30,28,4,54,52,12,50,3,79
Willie Collazo,TOR,L,32,2,3,5.53,17,8,55.3,67,36,34,9,17,27,2,52,3,79
Cody Scarpetta,MIL,R,23,7,9,5.14,26,26,115.7,121,71,66,11,78,88,11,46,7,79
Andrew Carpenter,TOR,R,27,5,7,5.53,35,14,107.3,125,71,66,18,39,71,7,45,6,79
Dellin Betances,NYA,R,24,5,7,5.66,24,24,105.0,111,71,66,15,72,85,9,52,7,79
Brad Lincoln,PIT,R,27,7,11,4.90,27,26,139.7,161,81,76,16,38,87,5,48,8,79
Tim Wood,PIT,R,29,1,2,4.91,50,0,51.3,57,30,28,5,23,29,8,49,2,79
Anthony Swarzak,MIN,R,26,6,9,5.34,27,20,121.3,147,77,72,15,38,61,2,43,7,79
Zack Segovia,DET,R,29,3,4,5.43,47,0,63.0,75,41,38,7,30,36,5,46,3,78
Darin Downs,DET,L,27,6,8,5.44,32,14,99.3,123,64,60,12,35,61,6,57,7,78
Dana Eveland,BAL,L,28,7,11,5.44,27,24,134.0,160,87,81,14,59,74,8,64,8,78
Brian Tallet,TOR,L,34,3,4,5.57,27,7,63.0,69,42,39,11,28,47,2,44,3,78
Armando Gabino,BAL,R,28,4,6,5.45,39,5,77.7,88,50,47,10,38,46,6,40,5,78
Romulo Sanchez,TB,R,27,7,10,5.03,31,14,96.7,95,58,54,11,69,70,7,46,6,78
Donovan Hand,MIL,R,26,4,5,5.18,43,3,74.7,90,46,43,9,22,37,3,54,4,78
Cory Rauschenberger,STL,R,27,2,3,4.81,39,0,58.0,63,33,31,6,25,27,6,58,3,78
Elih Villanueva,FLO,R,25,7,11,5.14,27,27,154.0,179,94,88,21,50,87,8,43,9,78
Trey Barham,OAK,L,26,3,4,5.20,52,0,55.3,62,34,32,6,29,32,3,56,4,78
Chance Chapman,PHI,R,28,3,4,5.09,35,2,53.0,59,32,30,6,22,35,4,49,3,78
Christopher Archer,TB,R,23,7,9,5.19,26,26,128.3,136,79,74,14,85,89,16,50,8,78
Matt Packer,CLE,L,24,8,11,5.35,28,23,139.7,169,89,83,19,39,78,11,58,8,78
Dallas Keuchel,HOU,L,24,7,11,5.01,26,26,152.7,180,91,85,17,45,80,6,58,9,78
Zach Miner,KC,R,30,4,6,5.33,33,9,72.7,84,46,43,9,34,42,7,54,3,78
Michael Dubee,PIT,R,26,3,5,4.96,49,0,69.0,79,41,38,8,25,45,6,53,4,78
Geno Espineli,SF,L,29,3,5,5.01,42,2,55.7,66,33,31,5,21,26,1,50,3,78
Brandon Dickson,STL,R,27,7,10,4.83,28,24,149.0,173,86,80,16,47,96,8,57,8,78
David Huff,CLE,L,27,8,12,5.36,27,26,144.3,172,92,86,19,52,78,5,42,5,78
Casey Crosby,DET,L,23,6,9,5.48,24,24,108.3,117,71,66,12,79,73,10,61,8,78
Fabio Castillo,TEX,R,23,3,4,5.82,43,0,51.0,60,35,33,6,33,31,6,58,3,78
Robert Hinton,BAL,R,27,2,4,5.49,48,0,62.3,70,41,38,9,32,49,9,50,4,78
Brad Mills,LAA,L,27,7,10,5.22,23,22,131.0,145,81,76,20,51,95,6,48,7,78
Andrew Kown,SF,R,29,6,10,5.02,28,20,118.3,135,71,66,15,42,66,5,49,7,78
Jhonny Nunez,TB,R,26,4,5,5.21,40,5,67.3,73,42,39,10,32,48,4,49,3,78
Dan Cortes,WAS,R,25,2,3,5.11,54,0,56.3,58,34,32,5,40,44,12,50,3,78
Todd Redmond,ATL,R,27,7,10,5.05,26,25,144.3,157,87,81,23,51,102,1,40,7,78
Ben Snyder,TEX,L,26,5,7,5.83,37,9,95.7,116,66,62,15,41,50,6,46,6,78
Rob Scahill,COL,R,25,7,10,5.79,24,23,121.3,154,83,78,14,60,64,18,61,8,78
Fabio Castro,OAK,L,27,5,7,5.25,26,16,96.0,108,60,56,9,51,59,2,43,5,77
Lucas Harrell,HOU,R,27,7,11,5.05,28,24,132.0,147,79,74,12,67,77,8,66,7,77
Jeff Manship,MIN,R,27,4,6,5.42,24,14,84.7,105,55,51,11,27,47,2,51,4,77
Ryan Tucker,LAD,R,25,3,4,4.88,27,7,59.0,64,34,32,5,33,38,8,54,3,77
Mike Hinckley,LAD,L,29,1,2,4.89,31,0,35.0,38,20,19,4,19,20,4,50,2,77
Kevin Correia,PIT,R,31,7,12,5.00,26,25,142.3,158,85,79,20,43,86,3,56,3,77
Nicholas Struck,CHN,R,22,6,10,5.29,27,24,127.7,149,80,75,14,54,72,9,49,8,77
Clint Everts,TOR,R,27,2,2,5.66,46,1,62.0,69,42,39,8,40,45,12,49,4,77
Jarrett Grube,SEA,R,30,4,7,5.11,22,14,93.3,107,57,53,12,34,55,9,50,6,77
Maikel Cleto,STL,R,23,6,8,4.89,25,22,116.0,120,67,63,11,67,90,15,49,7,77
Jake Odorizzi,KC,R,22,6,9,5.40,25,24,123.3,140,79,74,18,55,86,9,41,8,77
Duane Below,DET,L,26,5,8,5.56,24,19,102.0,118,67,63,16,44,57,4,49,5,77
Rudy Owens,PIT,L,24,6,11,5.04,23,23,119.7,139,72,67,15,33,71,2,43,6,77
Andy Sonnanstine,CHN,R,29,4,7,5.33,30,13,98.0,115,62,58,14,31,52,2,51,5,77
Andrew Miller,BOS,L,27,6,8,5.76,28,23,115.7,134,79,74,13,83,77,9,58,6,77
Everett Teaford,KC,L,28,5,8,5.42,33,13,89.7,100,58,54,15,38,57,4,46,5,76
Sean West,FLO,L,26,6,9,5.25,19,19,97.7,112,61,57,11,48,66,5,48,5,76
Luis Perez,TOR,L,27,6,9,5.71,34,19,121.3,139,82,77,16,72,78,9,66,8,76
Andrew Carraway,SEA,R,25,5,9,5.15,25,20,117.0,137,72,67,16,32,65,10,47,7,76
Phil Dumatrait,MIN,L,30,1,2,5.50,40,0,37.7,42,25,23,5,23,23,1,50,1,76
Andy Van Hekken,HOU,L,32,5,9,5.12,30,18,123.0,149,75,70,12,43,74,6,50,7,76
Allen Webster,LAD,R,22,7,11,4.95,26,24,129.0,141,76,71,13,62,86,7,60,8,76
Lance Cormier,TB,R,31,3,4,5.31,42,2,62.7,73,40,37,8,26,29,5,65,2,76
Wes Roemer,ARI,R,25,6,9,5.52,25,24,137.0,164,90,84,20,52,82,5,49,8,76
Adalberto Mendez,FLO,R,30,3,5,5.28,29,9,73.3,78,46,43,9,46,57,7,46,5,76
Shane Loux,SF,R,32,5,9,5.12,23,19,117.7,145,72,67,12,30,49,4,59,6,76
Robert Fish,ATL,L,24,2,3,5.15,37,0,43.7,45,27,25,6,25,39,7,54,3,76
Garrett Mock,TOR,R,29,4,5,5.74,25,11,64.3,74,44,41,9,34,48,7,58,3,76
P.J. Walters,MIN,R,27,6,9,5.52,27,21,124.0,148,81,76,15,49,85,6,50,6,76
Mark Hendrickson,BAL,L,38,2,4,5.61,35,0,61.0,73,41,38,10,20,33,1,51,3,76
David Bush,PHI,R,32,5,7,5.24,25,19,110.0,126,68,64,17,36,68,2,48,6,76
Mike Parisi,LAD,R,29,2,3,4.98,7,7,34.3,36,20,19,4,18,21,3,55,2,76
Bryan Morris,PIT,R,25,4,7,5.09,28,14,86.7,101,52,49,9,40,56,10,59,5,76
Alex Wilson,BOS,R,25,5,7,5.81,25,25,117.7,142,81,76,18,55,70,7,50,7,76
Eric Wordekemper,NYA,R,28,2,3,5.88,45,0,52.0,63,36,34,8,25,29,6,46,3,76
Jordan Smith,CIN,R,26,3,4,5.30,57,0,56.0,65,35,33,8,20,29,2,52,2,76
Jose Diaz,PIT,R,28,1,2,5.10,45,0,42.3,46,26,24,4,25,30,4,52,3,76
Samuel Freeman,STL,L,25,2,2,4.98,54,0,59.7,61,35,33,6,39,42,5,48,4,75
Santo Manzanillo,MIL,R,23,1,1,5.37,41,0,55.3,57,35,33,7,36,42,12,48,4,75
Shairon Martis,PIT,R,25,5,9,5.11,25,25,132.0,152,80,75,15,53,82,5,44,7,75
Jonathan Pettibone,PHI,R,21,7,11,5.28,25,25,133.0,150,83,78,19,53,73,11,54,8,75
Brayan Villarreal,DET,R,25,4,7,5.66,28,15,90.7,103,61,57,14,47,59,8,50,5,75
George Kontos,NYA,R,27,3,4,5.93,38,3,68.3,78,48,45,14,30,48,2,44,4,75
Kyle Drabek,TOR,R,24,8,12,5.80,30,27,147.3,170,102,95,21,87,88,15,52,6,75
Esmailin Caridad,CHN,R,28,3,4,5.43,29,6,61.3,71,40,37,9,28,42,3,37,4,75
Brian Bass,PHI,R,30,5,7,5.30,35,12,103.7,123,65,61,11,45,61,5,66,6,75
Matt Torra,TB,R,28,6,9,5.40,25,25,150.0,188,96,90,23,35,63,6,49,8,75
Clayton Mortenson,BOS,R,27,7,10,5.88,28,23,134.7,165,94,88,22,53,75,11,52,7,75
Dan Meyer,PIT,L,30,1,2,5.15,37,0,36.7,38,22,21,5,22,25,4,42,2,75
Andrew Oliver,DET,L,24,8,12,5.69,27,27,140.7,161,95,89,20,80,96,14,47,9,75
Luis Perdomo,MIN,R,28,3,4,5.61,55,1,69.0,80,46,43,8,38,41,9,61,3,75
Steve Delabar,SEA,R,28,3,7,5.28,46,0,58.0,58,36,34,6,50,49,7,48,5,75
Ryan Reid,TB,R,27,2,2,5.43,40,2,66.3,78,43,40,7,33,39,9,53,4,75
Justin Wilson,PIT,L,24,6,12,5.17,28,22,118.3,127,73,68,12,73,82,5,55,7,75
Pedro Viola,BAL,L,29,2,4,5.72,46,3,50.3,58,34,32,7,26,35,10,46,3,74
Scott Barnes,CLE,L,24,5,9,5.60,22,21,107.7,117,72,67,17,56,83,2,46,6,74
Taylor Tankersley,NYN,L,29,1,2,5.18,50,0,48.7,52,30,28,6,27,40,2,43,3,74
Scott Diamond,MIN,L,25,7,11,5.64,26,26,140.3,185,94,88,13,56,72,8,56,7,74
Tom Wilhelmsen,SEA,R,28,3,6,5.30,24,11,69.7,79,44,41,8,35,41,12,49,5,74
Daryl Thompson,MIN,R,26,3,5,5.65,19,17,87.7,106,59,55,13,32,56,3,45,5,74
Zach Stewart,CHA,R,25,5,8,5.82,29,23,130.0,163,90,84,18,54,77,6,53,7,74
Matt Palmer,SD,R,33,5,9,4.90,26,16,108.3,118,63,59,11,51,68,11,61,5,74
Kyle Weiland,HOU,R,25,6,11,5.27,27,26,124.7,137,78,73,16,67,90,11,57,8,74
Nick Additon,STL,L,24,6,9,5.07,26,25,138.3,148,83,78,19,60,91,8,41,8,74
Scott Kazmir,LAA,L,28,5,8,5.48,17,17,88.7,97,58,54,12,46,61,8,44,6,74
Garrett Richards,LAA,R,24,6,10,5.48,27,24,133.0,154,87,81,18,56,77,10,54,8,74
Erasmo Ramirez,SEA,R,22,5,11,5.32,25,24,140.3,172,89,83,19,33,75,5,55,8,74
D.J. Mitchell,NYA,R,25,8,11,6.03,26,23,134.3,167,96,90,19,71,69,17,63,8,74
Phillip Irwin,PIT,R,25,4,8,5.22,21,19,100.0,118,62,58,14,27,58,7,56,6,74
Vince Perkins,TOR,R,30,1,1,5.91,15,0,21.3,24,15,14,3,17,13,5,68,1,74
Jim Hoey,TOR,R,29,3,4,5.91,48,0,53.3,59,37,35,8,37,39,7,54,3,74
Lenny DiNardo,OAK,L,32,4,7,5.51,19,14,85.0,106,56,52,11,29,45,4,66,5,74
Jacob Brigham,TEX,R,24,5,8,6.13,30,17,105.7,128,77,72,15,66,66,11,52,7,74
Jamie Moyer,COL,L,49,4,7,6.08,13,12,71.0,86,51,48,15,19,32,0,48,4,74
Sam Narron,MIL,L,30,5,7,5.49,21,18,114.7,147,75,70,15,34,52,3,51,6,74
Kyle Smit,CHN,R,24,3,6,5.54,48,0,65.0,80,43,40,7,30,38,9,54,4,74
Jarred Cosart,HOU,R,22,6,11,5.32,22,22,106.7,118,67,63,13,55,69,17,62,7,73
Sean O'Sullivan,KC,R,24,6,11,5.64,27,24,132.3,162,89,83,18,45,63,7,46,5,73
Chaz Roe,SEA,R,25,4,8,5.37,27,17,115.7,139,74,69,14,46,67,11,45,6,73
Anthony Vasquez,SEA,L,25,6,13,5.37,24,23,134.0,167,86,80,17,37,61,2,50,9,73
Jeremy Hefner,NYN,R,26,7,10,5.26,26,26,143.7,165,90,84,18,57,92,9,46,9,73
Luis Avilan,ATL,L,22,4,7,5.36,38,8,85.7,96,55,51,12,39,56,5,52,5,73
Matt Meyer,LAA,L,27,2,3,5.54,36,0,37.3,39,25,23,5,26,31,5,52,3,73
Collin McHugh,NYN,R,25,5,8,5.27,25,20,111.0,129,70,65,11,54,80,10,48,7,73
Pat Neshek,BAL,R,31,2,3,5.83,45,0,46.3,53,32,30,8,26,28,1,50,2,73
Charlie Furbush,SEA,L,26,6,12,5.39,30,22,123.7,136,79,74,21,48,91,7,49,8,73
Greg Burke,BAL,R,29,2,3,5.83,59,0,66.3,79,46,43,10,30,46,7,55,3,73
Jo-Jo Reyes,PIT,L,27,4,8,5.29,22,19,102.0,120,64,60,14,38,61,5,50,5,73
Jerry Gil,TOR,R,29,4,7,6.00,51,0,57.0,64,41,38,8,42,40,10,50,3,73
Jeff Locke,PIT,L,24,6,12,5.31,29,28,142.3,165,90,84,17,59,95,9,51,8,73
Jhan Marinez,CHA,R,23,3,6,5.94,52,0,50.0,48,35,33,9,45,53,16,51,3,73
Mark Worrell,BAL,R,29,2,4,5.87,47,0,46.0,53,32,30,7,22,28,1,46,3,73
Jason Bergmann,OAK,R,30,3,6,5.60,38,6,62.7,71,42,39,8,36,40,4,48,4,73
Paul Clemens,HOU,R,24,4,7,5.38,28,18,110.3,124,71,66,15,58,81,12,49,7,73
Rommie Lewis,TOR,L,29,3,4,6.02,44,2,64.3,77,46,43,10,33,43,6,51,4,73
Noel Arguelles,KC,L,22,3,6,5.72,22,22,94.3,119,64,60,12,33,37,10,56,6,72
Zach Simons,COL,R,27,2,3,6.20,43,0,61.0,68,45,42,12,39,42,7,47,4,72
Philippe Valiquette,SEA,L,25,1,2,5.44,40,0,44.7,48,29,27,5,32,28,7,50,3,72
Alberto Bastardo,FLO,L,28,5,8,5.56,22,22,103.7,121,68,64,13,53,73,6,57,7,72
Simon Castro,CHA,R,24,5,10,5.97,24,24,117.7,143,83,78,20,47,76,8,43,7,72
Steven Shell,ATL,R,29,3,5,5.43,29,8,68.0,78,44,41,11,26,46,3,47,4,72
Carlos Gutierrez,MIN,R,25,3,5,5.81,38,8,83.7,102,58,54,8,48,45,8,55,5,72
Ryan Verdugo,KC,L,25,5,9,5.75,22,22,114.3,125,78,73,15,80,90,9,44,5,72
Adam Ottavino,STL,R,26,6,8,5.21,22,21,114.0,126,71,66,13,59,80,9,53,6,72
Joe Bisenius,CHA,R,29,2,3,5.98,24,8,52.7,57,37,35,7,41,38,12,39,3,72
Luke French,MIN,L,26,7,11,5.82,26,24,142.3,180,98,92,21,52,66,5,40,7,72
Sean Gallagher,CIN,R,26,4,7,5.57,30,13,85.7,94,57,53,13,48,59,7,49,5,72
Logan Kensing,PIT,R,29,1,2,5.36,38,0,43.7,50,28,26,6,17,30,3,52,1,72
Alberto Cabrera,CHN,R,23,6,10,5.67,27,25,128.7,159,87,81,14,63,79,20,53,8,72
Omar Poveda,FLO,R,24,5,8,5.58,26,26,137.0,161,91,85,19,63,88,13,58,9,72
Will Smith,KC,L,22,7,12,5.76,26,26,143.7,182,98,92,19,51,71,5,52,9,72
Alex Hinshaw,SD,L,29,1,2,5.06,49,0,48.0,45,29,27,4,45,48,9,51,3,72
Josh Muecke,COL,L,30,4,7,6.26,18,15,82.0,104,61,57,13,41,42,6,53,5,72
Michael Crotta,PIT,R,27,3,6,5.38,27,15,87.0,110,56,52,9,26,44,3,52,5,72
Christian Friedrich,COL,L,24,5,8,6.26,22,22,106.3,139,79,74,17,46,65,14,48,7,72
Jose Ortega,DET,R,23,2,3,5.95,39,0,56.0,67,40,37,7,33,33,3,49,4,72
Ryan Edell,BAL,L,28,5,9,5.95,27,21,124.0,167,88,82,19,29,69,4,48,7,72
Brad Hand,FLO,L,22,7,13,5.61,29,28,142.7,156,95,89,22,90,94,1,44,7,72
Austin Bibens-Dirkx,WAS,R,27,5,8,5.55,24,19,107.0,125,71,66,18,37,61,5,49,6,72
Ronald Uviedo,TOR,R,25,3,5,6.10,41,6,76.7,86,56,52,16,39,60,7,44,5,71
Jared Hughes,PIT,R,26,4,9,5.40,40,13,100.0,119,64,60,12,41,61,12,59,6,71
Luis Atilano,CIN,R,27,4,6,5.63,13,13,64.0,79,43,40,9,22,29,1,57,3,71
Eric Junge,LAA,R,35,4,7,5.68,18,17,107.7,132,73,68,17,34,51,5,59,6,71
Nate Bump,PHI,R,35,4,6,5.58,18,18,92.0,121,61,57,11,24,35,0,60,5,71
Michael Ballard,WAS,L,28,5,10,5.57,26,21,126.0,157,83,78,20,34,70,6,45,7,71
Jose De Paula,SD,L,22,5,9,5.10,24,19,95.3,107,58,54,10,43,57,4,54,6,71
Henry Sosa,HOU,R,26,5,10,5.48,31,16,106.7,122,70,65,15,50,71,4,45,6,71
Corey Kluber,CLE,R,26,6,11,5.86,28,26,136.7,167,95,89,17,70,94,12,48,9,71
Tim Alderson,PIT,R,23,2,4,5.43,52,1,68.0,78,44,41,9,32,41,7,46,6,71
Eric Hurley,LAA,R,26,4,7,5.71,17,17,86.7,110,59,55,11,38,37,2,34,5,71
J.C. Ramirez,PHI,R,23,7,12,5.60,24,24,127.0,151,85,79,16,59,71,6,51,8,71
Brian Broderick,STL,R,25,7,11,5.30,30,20,120.7,155,76,71,12,31,50,3,54,8,71
Chris Withrow,LAD,R,23,4,8,5.33,25,25,120.0,127,76,71,14,77,95,11,52,7,71
Cole DeVries,MIN,R,27,3,5,5.92,46,3,83.7,105,59,55,12,34,48,5,46,4,71
Mark Cohoon,NYN,L,24,7,11,5.44,26,26,137.3,168,89,83,17,53,77,5,59,8,71
Horacio Ramirez,LAA,L,32,2,4,5.73,35,5,55.0,69,37,35,8,18,21,2,61,3,71
B.J. LaMura,TOR,R,31,4,7,6.16,34,12,80.3,90,59,55,12,61,51,8,43,5,71
Kyler Newby,BAL,R,27,3,7,6.02,36,11,86.7,103,62,58,16,39,59,11,43,6,71
Derek Hankins,TEX,R,28,5,7,6.39,28,12,88.7,111,67,63,17,39,45,10,50,5,71
Josh Banks,SF,R,29,5,10,5.51,23,18,112.7,139,74,69,15,32,52,5,46,6,71
Kevin Pucetas,KC,R,27,4,8,5.86,29,19,116.7,148,81,76,16,47,57,7,48,6,71
Will Startup,BAL,L,27,1,2,6.03,23,0,37.3,44,27,25,7,17,20,3,37,2,71
Rick Vanden Hurk,BAL,R,27,6,11,6.03,26,24,125.3,148,90,84,25,47,75,7,50,7,71
Brian Burres,SF,L,31,5,9,5.52,26,21,120.7,140,79,74,18,50,75,6,51,7,71
Robert Ray,FLO,R,28,3,5,5.69,14,13,68.0,77,46,43,11,35,46,4,52,4,71
Stephen Fife,LAD,R,25,5,9,5.35,24,23,116.0,140,74,69,14,49,60,6,53,7,71
Nelson Figueroa,TOR,R,38,5,8,6.19,23,15,91.7,117,67,63,16,36,54,5,47,4,71
Kyle Heckathorn,MIL,R,24,6,9,5.74,23,22,109.7,133,75,70,16,48,63,8,50,7,70
Gustavo Chacin,NYN,L,31,3,6,5.47,34,10,77.3,94,50,47,10,32,40,4,41,4,70
Zach Jackson,TEX,L,29,4,8,6.42,30,15,109.3,145,83,78,17,51,47,9,56,7,70
Anthony Carter,CHA,R,26,1,3,6.12,48,0,57.3,66,42,39,10,34,42,6,43,4,70
Ryan Rowland-Smith,CHN,L,29,5,9,5.79,25,22,119.7,146,82,77,21,40,70,6,45,7,70
Chris Dwyer,KC,L,24,6,11,5.89,26,26,123.7,137,87,81,16,85,81,20,48,8,70
Jose Quintana,CHA,L,23,4,8,6.14,30,12,88.0,102,64,60,17,45,56,10,56,6,70
Mitch Atkins,WAS,R,26,5,9,5.65,27,22,122.7,141,82,77,21,51,77,2,43,7,70
Josh Stinson,NYN,R,24,6,11,5.49,45,16,116.3,134,76,71,13,62,67,10,54,6,70
Armando Rodriguez,NYN,R,24,5,7,5.49,21,21,95.0,99,62,58,15,56,74,5,52,6,70
Hector Santiago,CHA,L,24,5,9,6.15,29,14,90.7,105,66,62,15,53,62,8,53,6,70
Ryan Pope,NYA,R,26,4,6,6.21,39,8,75.3,95,56,52,13,31,44,6,41,4,70
Blaine Boyer,STL,R,30,2,3,5.36,38,3,50.3,59,32,30,6,23,26,2,66,3,70
Nathan Jones,CHA,R,26,3,6,6.16,39,8,80.3,101,59,55,10,48,49,10,53,6,70
Carlos Hernandez,OAK,L,25,6,12,5.81,26,25,131.7,169,91,85,16,52,72,6,50,8,70
Ian Snell,LAD,R,30,3,6,5.40,16,15,78.3,84,50,47,12,42,54,4,47,3,70
Armando Galarraga,BAL,R,30,4,8,6.09,21,19,106.3,123,77,72,23,47,66,2,45,4,70
Craig Italiano,SD,R,25,3,5,5.20,56,0,62.3,70,39,36,6,36,39,10,60,4,70
Loek Van Mil,LAA,R,27,2,4,5.81,31,0,48.0,56,33,31,6,29,24,4,53,3,70
Brooks Raley,CHN,L,24,5,11,5.85,25,25,124.7,159,87,81,17,51,60,8,53,8,70
Brandon Hynick,CIN,R,27,5,9,5.76,26,20,114.0,137,78,73,18,46,65,8,46,6,70
Arcenio Leon,HOU,R,25,2,4,5.61,47,0,67.3,73,45,42,6,52,54,23,65,5,70
Oliver Drake,BAL,R,25,6,12,6.13,26,24,138.0,185,101,94,18,51,68,12,61,10,70
Nick Bierbrodt,BAL,L,34,1,1,6.14,30,0,36.7,44,27,25,5,22,18,5,58,2,69
Donald Veal,CHA,L,27,1,2,6.21,20,7,37.7,40,28,26,6,31,31,4,51,2,69
Mike MacDonald,TOR,R,30,5,9,6.28,27,20,116.0,162,87,81,15,40,44,6,55,7,69
Wilking Rodriguez,TB,R,22,3,6,5.84,17,15,69.3,83,48,45,11,31,39,10,52,5,69
Ramon Benjamin,FLO,L,25,3,5,5.80,40,0,54.3,60,37,35,7,42,40,10,48,4,69
Scott Richmond,TOR,R,32,5,8,6.30,20,16,90.0,108,67,63,19,41,61,7,44,3,69
Yohan Pino,TOR,R,28,5,9,6.31,35,15,107.0,134,80,75,23,34,70,4,43,6,69
Charlie Haeger,BOS,R,28,4,7,6.38,20,18,90.3,104,68,64,12,76,58,12,48,5,69
Lance Pendleton,HOU,R,28,4,8,5.65,30,18,106.7,120,72,67,16,55,68,5,35,7,69
Paul Phillips,MIL,R,28,3,5,5.86,43,2,66.0,80,46,43,11,28,42,9,44,5,69
Pedro Villarreal,CIN,R,24,6,10,5.83,28,24,125.0,151,87,81,22,42,74,11,43,8,69
Brody Colvin,PHI,R,21,4,8,5.78,24,23,113.7,138,78,73,15,56,63,13,53,8,69
Chris Tillman,BAL,R,24,6,12,6.20,27,27,135.0,163,100,93,25,59,82,7,48,7,69
Josh Butler,MIL,R,27,5,9,5.89,24,23,113.0,137,79,74,16,61,64,7,53,7,69
Tommy Hottovy,KC,L,30,1,2,6.04,35,0,50.7,60,36,34,8,27,30,5,51,4,69
Eric Hacker,SF,R,29,6,13,5.68,27,25,134.7,168,91,85,16,57,74,6,49,7,69
Chris Seddon,CLE,L,28,5,10,6.08,26,20,120.0,151,87,81,17,56,64,10,48,6,69
Mark McLemore,FLO,L,31,2,3,5.86,7,6,27.7,32,19,18,3,19,14,0,36,2,69
Henry Villar,HOU,R,25,3,6,5.71,41,7,82.0,96,56,52,13,36,51,9,54,5,68
Enrique Gonzalez,DET,R,29,4,8,6.24,35,10,79.3,100,59,55,13,38,46,3,45,4,68
Casey Weathers,CHN,R,27,1,2,5.97,41,0,37.7,36,27,25,4,42,35,17,54,3,68
Deunte Heath,CHA,R,26,3,6,6.33,33,11,79.7,92,60,56,12,60,64,7,46,5,68
Albert Suarez,TB,R,22,2,3,5.94,11,9,33.3,38,24,22,6,17,17,3,58,3,68
Chuck Lofgren,SF,L,26,4,8,5.73,26,18,97.3,106,66,62,15,61,58,10,40,6,68
Chad James,FLO,L,21,6,12,5.91,25,25,120.3,147,85,79,15,67,80,19,41,8,68
Dylan Owen,NYN,R,25,5,9,5.68,29,20,115.7,134,78,73,18,57,76,5,40,7,68
Tyson Brummett,PHI,R,27,4,7,5.87,35,12,96.7,124,67,63,13,37,51,7,60,6,68
Kanekoa Texeira,CIN,R,26,2,4,5.93,39,2,60.7,74,43,40,9,29,33,5,64,3,68
Brandon Moore,NYN,R,26,5,9,5.70,23,22,113.7,139,77,72,16,48,73,13,51,8,68
Chorye Spoone,BOS,R,26,4,7,6.52,23,17,89.7,115,70,65,10,65,40,11,64,6,68
Alexander Colome,TB,R,23,6,11,6.00,26,26,123.0,132,88,82,20,85,77,16,50,8,67
John Hellweg,LAA,R,23,3,6,6.02,33,9,64.3,65,46,43,8,66,56,16,54,5,67
Casey Kelly,SD,R,22,4,9,5.40,25,25,116.7,143,75,70,11,51,73,9,58,7,67
Jeff Suppan,SD,R,37,5,9,5.40,24,20,120.0,145,77,72,16,46,58,5,58,6,67
Dallas Buck,CIN,R,27,2,4,5.98,9,9,40.7,53,29,27,5,20,18,2,57,3,67
Nate Robertson,SEA,L,34,3,8,5.86,22,16,86.0,109,60,56,11,35,44,4,49,5,67
Matt Fox,SEA,R,29,4,10,5.86,29,21,116.7,133,81,76,22,60,76,13,49,7,67
Ryan Feierabend,PHI,L,26,5,10,5.92,25,22,117.0,146,82,77,20,39,60,5,51,7,67
Clayton Tanner,CIN,L,24,6,10,5.98,24,23,117.3,140,83,78,19,57,64,15,56,7,67
Thad Weber,DET,R,27,6,12,6.36,25,25,138.7,182,105,98,26,48,65,8,60,8,67
Edward Paredes,SEA,L,25,2,6,5.88,45,1,59.7,70,42,39,7,39,37,9,44,4,67
Chad Beck,TOR,R,27,5,9,6.52,33,18,109.0,146,85,79,17,51,55,9,39,7,67
Steven Jackson,PIT,R,30,2,5,5.78,46,3,62.3,76,43,40,8,28,31,3,54,3,67
Brian Baker,MIL,R,29,5,9,6.07,29,16,96.3,117,70,65,15,48,54,4,39,6,67
Dallas Trahern,FLO,R,26,3,6,6.03,18,13,77.7,98,56,52,9,40,33,9,67,5,67
Erik Cordier,ATL,R,26,5,10,5.88,23,22,101.0,115,71,66,12,72,63,15,49,6,67
Robert Bundy,BAL,R,22,5,11,6.42,25,21,108.0,136,82,77,18,54,56,16,65,7,66
Nicholas Bucci,MIL,R,21,6,10,6.11,25,22,119.3,135,87,81,20,79,78,13,54,8,66
Michael Antonini,LAD,L,26,5,11,5.70,26,25,132.7,163,90,84,23,42,84,6,44,8,66
Bobby LaFromboise,SEA,L,26,3,8,5.94,40,8,86.3,107,61,57,13,39,48,6,39,6,66
Jeff Marquez,SEA,R,27,3,9,5.94,21,19,89.3,111,63,59,14,37,42,5,55,5,66
Kelvin De La Cruz,CLE,L,23,4,8,6.30,24,19,90.0,100,67,63,13,73,64,10,44,6,66
Pedro Figueroa,OAK,L,26,2,5,6.14,12,12,55.7,68,41,38,7,35,34,6,55,4,66
Joe Kelly,STL,R,24,6,10,5.69,24,21,110.7,127,75,70,11,73,71,14,62,8,66
Brian Lawrence,LAA,R,36,3,7,6.16,13,12,64.3,86,47,44,10,19,31,2,49,4,66
Anthony Claggett,PIT,R,27,2,5,5.86,47,0,63.0,70,44,41,9,41,36,7,51,4,66
Matt Chico,LAD,L,29,3,6,5.74,24,12,73.7,90,50,47,11,29,38,16,40,5,66
Aaron Thompson,MIN,L,25,5,10,6.39,30,21,112.7,152,86,80,14,53,54,10,52,7,66
Matt Shoemaker,LAA,R,25,5,10,6.19,24,20,123.7,153,91,85,22,51,71,11,45,8,66
Wilkin De La Rosa,LAD,L,27,2,5,5.76,26,7,54.7,60,37,35,7,38,37,5,50,3,66
Timothy Bascom,BAL,R,27,5,11,6.52,27,21,118.7,161,92,86,19,45,56,16,52,7,65
Leyson Septimo,CHA,L,26,2,4,6.61,45,0,47.7,49,37,35,6,57,43,11,50,4,65
Michael Colla,PIT,R,25,3,8,5.91,35,11,91.3,105,64,60,18,38,59,5,50,6,65
Mark Rogers,MIL,R,26,3,5,6.21,21,19,66.7,72,49,46,9,59,50,12,52,5,65
John Van Benschoten,SD,R,32,2,4,5.58,13,6,40.3,48,27,25,5,20,24,1,44,2,65
Andrew Baldwin,MIN,R,29,5,12,6.45,27,19,120.0,159,92,86,23,38,60,4,45,7,65
Chris George,BAL,L,32,3,6,6.56,23,15,93.3,124,73,68,16,40,43,4,52,5,65
Chris Masters,ATL,L,24,5,9,6.03,27,24,125.3,144,90,84,19,81,82,15,35,9,65
Charles Leesman,CHA,L,25,5,12,6.66,26,26,127.0,166,101,94,15,90,66,15,59,9,65
Tyler Robertson,MIN,L,24,5,10,6.48,44,11,101.3,134,78,73,15,50,56,16,64,6,65
Gaby Hernandez,WAS,R,26,6,12,6.14,26,24,132.0,159,96,90,25,62,77,7,38,7,65
Kyle Cofield,PIT,R,25,2,4,5.97,20,9,60.3,70,43,40,7,40,31,8,50,4,65
Chad Reineke,CIN,R,30,5,10,6.22,27,20,114.3,145,85,79,20,47,61,7,45,7,65
Freddy Dolsi,CHA,R,29,3,7,6.72,31,9,71.0,92,57,53,13,36,38,5,66,4,64
Amaury Sanit,NYA,R,32,1,2,6.98,17,2,29.7,38,25,23,6,15,18,6,51,3,64
Duke Welker,PIT,R,26,2,5,6.04,45,0,50.7,54,36,34,6,45,33,11,61,4,64
Sergio Perez,HOU,R,27,4,10,6.12,22,21,107.3,136,78,73,15,53,56,11,54,6,64
Steve Johnson,BAL,R,24,4,10,6.72,27,27,128.7,160,103,96,24,73,78,10,41,8,63
Brett Tomko,CIN,R,39,3,6,6.33,18,12,75.3,94,57,53,15,33,46,6,47,4,63
Josh Geer,SD,R,29,3,7,5.73,16,14,86.3,108,59,55,15,21,38,4,51,5,63
Yoervis Medina,SEA,R,23,4,10,6.22,21,20,105.7,131,78,73,17,52,58,11,59,7,63
Rhiner Cruz,HOU,R,25,2,5,6.18,49,0,62.7,65,46,43,9,59,48,13,52,4,63
Stolmy Pimentel,BOS,R,22,6,13,7.00,26,25,100.3,133,83,78,21,51,49,15,41,7,63
Chase Wright,MIL,L,29,5,9,6.44,26,20,110.3,148,85,79,16,53,49,8,45,6,63
John Gast,STL,L,23,5,11,6.01,25,24,139.3,168,100,93,17,78,79,11,57,9,63
Greg Smith,LAA,L,28,3,6,6.49,17,16,77.7,98,60,56,15,39,39,4,43,4,62
Josh Wall,LAD,R,25,4,8,6.04,36,12,92.3,111,66,62,13,54,56,15,52,7,62
Ysmael Carmona,LAA,R,27,2,4,6.51,34,0,37.3,42,29,27,5,34,26,7,50,3,62
Oliver Perez,SEA,L,30,2,6,6.32,17,14,68.3,79,51,48,12,46,48,6,39,5,62
Matt Buschmann,SD,R,28,4,10,5.85,33,17,112.3,138,78,73,14,53,66,10,53,7,62
Ariel Pena,LAA,R,23,4,10,6.54,24,24,119.7,145,93,87,15,94,81,17,50,9,62
Mauricio Robles,SEA,L,23,3,8,6.35,18,18,73.7,78,56,52,12,65,57,7,48,5,62
Ryan Ketchner,LAA,L,30,3,7,6.55,21,16,92.0,120,72,67,18,37,40,3,45,6,62
Steve Garrison,SEA,L,25,2,7,6.42,18,14,68.7,91,52,49,12,26,28,3,47,4,61
Eddie Kunz,SD,R,26,2,6,5.93,46,4,74.3,86,52,49,8,54,34,8,66,5,61
Ross Seaton,HOU,R,22,4,11,6.40,27,27,136.3,179,104,97,21,54,67,18,43,9,61
Timothy Melville,KC,R,22,5,13,6.81,26,24,111.0,151,90,84,15,64,55,15,54,8,61
Brandon Erbe,BAL,R,24,1,4,7.01,10,9,34.7,45,29,27,8,13,19,0,50,2,61
Deolis Guerra,MIN,R,23,4,10,6.96,31,15,97.0,131,80,75,19,43,55,14,49,6,60
Andrew Brackman,CIN,R,26,4,9,6.68,31,18,97.0,115,77,72,15,80,62,24,56,7,60
Danny Salazar,CLE,R,22,1,2,6.97,8,8,20.7,26,17,16,5,12,13,6,41,1,60
Ryohei Tanaka,BAL,R,29,4,10,7.18,27,18,100.3,150,86,80,20,29,40,8,51,7,59
Wilmer Font,TEX,R,22,2,5,7.64,14,13,55.3,69,50,47,10,58,33,10,38,4,59
Kei Igawa,NYA,L,32,2,4,7.53,20,9,63.3,83,57,53,15,40,35,3,43,4,59
Jeff Allison,FLO,R,27,3,9,6.88,28,14,87.7,122,72,67,16,38,34,5,44,6,58
Steven Wright,CLE,R,27,2,7,7.17,34,11,90.3,124,77,72,16,54,46,19,53,7,58
Fabio Martinez Mesa,LAA,R,21,3,8,7.13,21,20,89.7,94,76,71,13,113,84,20,50,7,57
